make,address,all,num3d,our,over,remove,internet,order,mail,receive,will,people,report,addresses,free,business,email,you,credit,your,font,num000,money,hp,hpl,george,num650,lab,labs,telnet,num857,data,num415,num85,technology,num1999,parts,pm,direct,cs,meeting,original,project,re,edu,table,conference,charSemicolon,charRoundbracket,charSquarebracket,charExclamation,charDollar,charHash,capitalAve,capitalLong,capitalTotal,type
0,0,0.17,0.52,0.17,0,0.17,0,0.69,0.17,0.17,0,0,0,0,1.74,0,0.69,1.04,0,0.17,0,0,0,0.17,0,0,0,0,0,0,0,0,0.17,0,0,0.34,0,0,0.17,0,0,0,0,0,0,0,0,0,0.072,0,0.754,0.681,0,4.74,52,967,spam
0,0,0.16,0.16,0.32,0,0.16,0,0.65,0.16,0.16,0,0,0,0,2.13,0,0.65,0.98,0,0,0,0,0,0.49,0,0,0,0,0,0,0,0,0,0,0.16,0.32,0,0,0.16,0,0,0,0,0,0,0,0,0,0.089,0,0.693,0.67,0,4.835,52,1030,spam
0.19,0.19,0.19,0.19,1.16,0,0,0,0.58,0.38,0,0,0,0,0,0,0,0,0.19,0.38,0.58,0,0,0,0.19,0,0,0.19,0,0,0,0,0,0.38,0,0,0,0,0,0,0,0,0,0,0,0,0,0,0,0.07,0,0,1.121,0,1021.5,2042,2043,spam
0,0,0,0.42,0.84,0,0,0.42,0,0,0,0,0,0,0,0,0,0.42,0.42,0,0,0,0,0,0,0,0,0,0,0,0,0,0,0,0,0,0,0,0,0,0,0,0,0,0,0,0,0,0,0.488,0,2.636,0.683,0,3.168,36,301,spam
0.95,0,0.47,0.95,0,0.95,0,0,0.47,0,0.47,0,0,0,1.42,0.47,0.47,2.38,0,0,0.95,0,0,0.47,0,0,0,0,0,0,0,0,0.47,0,0,0,0,0,0,0,0,0,0,0,0,0.47,0,0,0,0.791,0,0.169,0.452,0.113,9.64,259,723,spam
0.17,0,0.17,0.17,1.44,0.34,0.05,0.05,0.05,0.05,0.05,0.51,0.28,0.05,0,0,0.69,0.05,4.14,0.23,1.09,0.17,0.74,0.05,0,0,0,0,0,0,0,0,0,0,0,0,0,0,0,0,0,0,0,0,0,0,0,0,0.01,0.05,0,0.01,0.161,0.03,2.051,51,521,spam
0,0,0,5.03,0,0,0,0,0,0,0,0,0,0,0,1.16,0,0,0.77,0,0,7.36,0,0,0,0,0,0,0,0,0,0,0,0,0,0,0,0,0,0,0,0,0,0,0,0,0,0,0.431,0,0,0.215,0,0.539,7.552,43,506,spam
0,0.31,0,7.18,0,0,0.31,0.62,0,1.25,0,0,0,0,0,0,0,0.62,0.93,0,0.62,0.31,0,0.31,0,0,0,0,0,0,0,0,0,0,0.62,0,0,0,0,0.31,0,0,0,0,0,0,0,0,0,0.183,0,0.61,0,0.122,9.218,51,507,spam
1.01,0.33,0.5,13.63,0,0.67,0,0.16,1.34,0.33,0,0.67,0,0.16,0,0.5,0,0.16,2.02,0.33,0.84,0,0,1.17,0,0,0,0,0,0,0,0,0,0,0,0,0,0,0,0,0,0,0,0,0,0,0,0,0,0.204,0,0.613,0.229,0.051,9.652,151,888,spam
0,0,0,0.81,0,0,0,0,0,1.63,0,0,0,0,0,0,0,0,2.45,0,0,0,0,2.45,0,0,0,0,0,0,0,0,0,0,0,0,0,0,0,0,0,0,0,0,0,0,0,0,0.249,0,0,0.124,0,0,3.707,14,152,spam
0,0,0,1.16,0,0,0,0,0,0,0,0,0,0,0,0,0,0,3.48,0,2.32,0,0,2.32,0,0,0,0,0,0,0,0,0,0,0,0,0,0,0,0,0,0,0,0,0,0,0,0,0,0,0,0,0,0,8.733,42,131,spam
0,0,0,1.26,0,0,0.63,0,0,1.26,0,0,0,0,0,0.63,0,0,0.63,0,0,0,0,0,0,0,0,0,0,0,0,0,0,0,0,0,0,0,0,0,0,0,0,0,0,0,0,0,0.195,0,0,0.979,0,0.293,8.476,68,356,spam
0,0.1,0.31,0.1,1.05,0.42,0,0.31,0,0.1,0.1,0.84,0,0.1,0,2,0.84,0.21,1.69,0.31,0.31,0,0.52,0.1,0,0,0,0,0,0,0,0,0,0,0,0.31,0,0,0,0.1,0,0,0,0,0,0,0,0,0,0.054,0,0.384,0.182,0.201,8.851,299,1726,spam
0.17,0,0.17,0.17,1.43,0.34,0.05,0.05,0.05,0.05,0.05,0.51,0.28,0.05,0,0,0.69,0.05,4.2,0.23,1.03,0.17,0.74,0.05,0,0,0,0,0,0,0,0,0,0,0,0,0,0,0,0,0,0,0,0,0,0,0,0,0.01,0.05,0,0.02,0.161,0.03,2.093,51,536,spam
0,0,0.98,0.49,0,0,0.49,0,0,0.98,0,0.98,0,0,0,2.94,0,0,1.47,0,0,0,0,0,0,0,0,0,0,0,0,0,0,0,0,0,0,0,0,0,0,0,0,0,0.49,0,0,0,0.156,0,0,0.862,0,0,12.148,272,571,spam
0,0,2.99,0.42,0.42,0,0.85,0,0,0,0.42,0.42,0,0,0,0.42,0,1.28,3.41,0,1.7,0,0,0,0,0,0,0,0,0,0,0,0,0,0,0,0,0,0,0,0,0,0,0,0,0,0,0,0,0.204,0,0.819,0,0,4.84,42,363,spam
0.31,0,0.63,1.91,0.21,0,0,0,0.42,0.1,0,0.31,0,0,0,0.53,0,0,1.7,0,1.06,0,0,0.21,0,0,0,0,0,0,0,0,0,0,0,0,0,0.1,0,0,0,0,0.1,0,0,0,0,0,0,0.169,0,0.358,0.188,0.075,2.847,75,447,spam
0,0,0,40.13,0,0,0,0,0,0.32,0,0,0,0,0,0,0,0.32,0.98,0,0.32,0,0,0,0,0,0,0,0,0,0,0,0,0,0,0,0,0,0,0,0,0,0,0,0,0,0,0,0,0.185,0,0.185,0.061,0,10.585,124,434,spam
0,0,1.83,0.91,0,0,0.45,0,0,0.91,0,0,0,0,0,2.75,0,0,1.83,0,0.91,0,0,0,0,0,0,0,0,0,0,0,0,0,0,0,0,0,0,0,0,0,0,0,0,0,0,0,0.134,0,0,2.077,0,0.134,12.176,338,621,spam
0,0,0,9.16,0.27,0,0.55,0.27,0.27,0.27,0,0.27,0,0,0,0,1.11,0,0.55,0.27,0.83,0,0,0,0,0,0,0,0,0,0,0,0,0,0,0,0,0,0,0,0,0,0,0,0,0,0,0,0.387,0,0,0.301,0,0.043,19.482,694,1130,spam
0.08,0,0.32,4.31,0.08,0.16,0.08,0.08,0,0,0.08,0.24,0.32,0,0,0.08,0,0.32,1.87,0,0.57,0,0.16,0.24,0,0,0,0,0,0,0,0,0,0,0,0,0.08,0,0,0,0,0,0,0,0.16,0,0,0,0.344,0.068,0,0.55,0.082,0.151,15.547,339,2923,spam
0,0,0,42.81,1.28,0,0.28,0,0,0,0,0.28,0,0,0,0.14,0,0,1.7,0,0.85,0,0,0.42,0,0,0,0,0,0,0,0,0,0,0.14,0,0,0,0,0,0,0,0,0,0,0,0,0.14,0.026,0.078,0,0.13,0,0,7,137,826,spam
0,0,0,19.16,0.18,0,0.18,0,0,0,0,0,0,0,0,1.89,0,0,0.56,0,0,9.48,0,0.18,0,0,0,0,0,0,0,0,0,0,0,0,0,0,0,0,0,0,0,0,0,0,0,0,0,0,0,0,0,0.294,25.22,180,1261,spam
0.37,0.17,0.3,0.06,0.23,0.17,0.03,0.95,0.37,0.37,0.1,0.64,0.61,0.34,0.2,0.51,0.34,0.34,2.75,0.13,1.36,0,0.27,0.71,0,0,0,0,0,0,0,0,0,0,0,0,0,0,0,0.03,0,0,0,0,0.03,0,0,0,0.011,0.041,0.071,0.379,0.136,0,3.341,181,1955,spam
0.58,0,0,35.46,0.58,0,0.58,0.58,0,0,0,0,0,0.58,0,0.58,0.58,0.58,0.58,0,1.74,0,0,1.16,0,0,0,0,0,0,0,0,0,0,0,0,0,0,0,0,0,0,0,0,0,0,0,0,0,0,0,0.239,0.239,0,3.338,123,207,spam
0.58,0,0,35.46,0.58,0,0.58,0.58,0,0,0,0,0,0.58,0,0.58,0.58,0.58,0.58,0,1.74,0,0,1.16,0,0,0,0,0,0,0,0,0,0,0,0,0,0,0,0,0,0,0,0,0,0,0,0,0,0,0,0.239,0.239,0,3.338,123,207,spam
0,0,0,42.73,0,0,0.42,0,0,0.42,0,0.42,0,0,0.42,0,0,1.28,2.99,0,2.13,0,1.28,0,0,0,0,0,0,0,0,0,0,0,0,0,0.42,0,0,0,0,0,0,0,0,0,0,0,0,0,0,0,0.349,0,7,105,441,spam
0,0,0.58,0.58,0,0,0,0.29,0,0,0,0,0.29,0,0,0,0.29,0.58,2.91,0.87,1.74,0,0,0.29,0,0,0,0,0,0,0,0,0,0,0,0,0,0,0,0,0,0,0,0,0,0,0,0,0,0.43,0,1.434,0,0.047,3.281,64,361,spam
0.17,0,0.17,0.44,0.17,0,0,0,0,0,0,0.35,0.52,0.17,0,0.08,0.52,0,4.04,0,2.64,1.23,0,0,0,0,0,0,0,0,0,0,0,0,0,0,0.17,0,0,0,0,0,0,0,0,0,0,0,0.709,0.105,0,0,0,0,2.039,18,414,spam
0,0,0.22,7.07,0,0,0,0.45,0,0,0,0,0,0,0,0.45,0,0,0.22,0,0.45,0,0,0,0,0,0,0,0,0,0,0,0,0,0,0.22,0,0,0,0,0,0,0,0,0.22,0,0,0,0.153,0.092,0,0,0,0.03,2.47,27,425,spam
0,0,0,1.33,0,0,0,1.33,0,0,0,0,0,0,0,1.33,0,0,0,0,1.33,0,0,0,0,0,0,0,0,0,0,0,0,0,0,0,0,0,0,0,0,0,0,0,0,0,0,0,0,0,0,0.684,0,0.228,3,12,69,spam
0,0,0,1.29,1.29,0,0,0,0,0,0,0,0,0,0,1.29,0,0,2.59,0,0,0,0,0,0,0,0,0,0,0,0,0,0,0,0,0,0,0,0,0,0,0,0,0,0,0,0,0,0.187,0,0,0.936,0,0,4.586,24,133,spam
0.58,0,0.58,0.58,0.58,0,0,0,0,0,0,1.17,0,0,0,0,0,0,4.11,0,0.58,0,0,0,0,0,0,0,0,0,0,0,0,0,0,0,0,0,0,0,0,0,0,0,0,0,0,0,0,0.098,0,0.197,0,0,3.807,61,297,spam
0.1,0,0.74,0.21,0.21,0,0.1,0.1,0,0,0.1,0.31,0,0,0,0,0,0.21,0.63,0,0.31,0,0.21,0,0,0,0,0,0,0.1,0,0,0,0,0,0.63,0,0,0,0,0,0,0,0,0,0,0,0,0,0.101,0,0.05,0.609,0.253,7.887,126,1609,spam
0,0,0,19.73,0,0,0,0,0,0,0,0.53,0,0,0,0,0,0,0,0,0,0,0,0,0,0,0,0,0,0,0,0,0,0,0,0.53,0,0,0.53,0,0,0,0,0,0,0,0,0,0,0.087,0,0,0,0,4.786,152,292,spam
0,0,0.57,0.57,0,0,0,0.28,0,0,0,0,0.28,0,0,0,0.28,0.57,2.89,0.86,1.73,0,0,0.28,0,0,0,0,0,0,0,0,0,0,0,0,0,0,0,0,0,0,0,0,0,0,0,0,0,0.461,0,1.385,0,0.046,3.535,64,396,spam
0,0,0,0.6,0.6,0,0,0,0,0,0,0,0.6,0,0,2.42,0,0.6,0,0,0.6,0,0.6,0,0,0,0,0,0,0,0,0,0,0,0,0,0,0,0,0,0,0,0,0,0,0,0,0,0,0,0,0.412,0.206,0.103,2.3,20,237,spam
0,0,0,0.04,0,0,0,0,0,0,0,0,0,0,0,0.02,0,0,0.02,0,0,0,0,0,0,0,0,0,0,0,0,0,0,0,0,0,0,0,0,0,0,0,0,0,0,0,0,0,1.024,9.752,0.003,1.542,1.785,1.998,239.571,9989,10062,spam
0,0,1.35,1.35,0,0,0,1.35,0,0,0,0,0,0,0,1.35,0,0,2.7,0,0,0,0,0,0,0,0,0,0,0,0,0,0,0,0,0,0,0,0,0,0,0,0,0,2.7,0,0,0,0,0,0,3.588,0,0,2.516,17,78,spam
0,0,0.59,0.11,0,0,0,0,0.11,0.23,0,0.11,0,0,0,0.11,0,0,0.95,0,0.47,0,0,0,0.23,0,0.71,0,0,0,0,0,0,0.11,0,0.47,0,0,0,0,0,0,0,0,0,0,0,0,0.227,0.322,0.113,0.056,0.075,0,2.546,38,601,nonspam
0.21,0,0.21,0.21,0.63,0,0,0,0,0,0.42,0,0.21,0,0,0.84,0,0.42,1.9,0,0,0,0.21,0,0,0,0,0,0,0,0,0,0,0,0,0,0.21,0,0,0,0,0,0,0,0,0,0,0,0,0.031,0,0.374,0.062,0,2.892,71,405,nonspam
0,0,0,0.14,0.42,0,0,0.14,0,0,0,0.98,0,0.14,0,0,0.7,0,0,0,0,0,0,0,1.82,0.28,0,0,0.28,0.7,0,0,0,0,0,0.28,0.14,0,0,0,0,0,0,0,0.14,0,0,0,0,0.077,0,0,0,0,1.502,6,257,nonspam
0,0,0,0.15,0.46,0,0,0.15,0,0,0,0.92,0,0.15,0,0,0.46,0,0,0,0,0,0,0,2.15,0.3,0,0,0.3,0.92,0,0,0,0,0,0.3,0.15,0,0,0,0,0,0,0,0.15,0,0,0,0,0.085,0,0,0,0,1.535,6,238,nonspam
0,0,0.87,0.87,0.87,0.43,0,0,0,0,0,0,0,0,0,0,0,0.43,0.43,0,0,0,0,0,1.74,1.74,0,1.74,0,0,0,0,0,0,0.43,0,1.31,0,0.43,0,0,0,0.43,0,0.43,0,0,0,0,0.298,0.059,0.059,0,0,2.554,15,212,nonspam
0.03,0,0.03,0.13,0.06,0.03,0,0,0.32,0,0,0.09,0,0,0,0,0,0.03,0.13,0,0.09,0,0,0,1.4,1.44,0.03,0,0,0,0,0,0.09,0,0,0.03,1.27,0.03,0,0,0,0,0,0.06,0,0,0,0,0.226,0.235,0.181,0,0.009,0,2.754,34,2688,nonspam
0.27,0,0,0.55,0.13,0,0,0,0.13,0,0,1.1,0.55,0,0,0,0,0,0.13,0,0,0,0,0,0.13,0.13,0,0,0,0,0,0,0,0,0,0.13,0.27,0,0,0,0,0,0,0.27,0,0,0,0.13,0,0.04,0,0,0,0,2.496,16,322,nonspam
0,0,0,0.31,0.94,0,0,0.31,0,0.63,0,1.26,0,0,0,0,0,0,0.94,0,1.26,0,0,0,0,0,0,0.63,0,0,0,0,0,0,0,0.31,0,0,0,0,0,0,0,0,0,0,0,0,0,0.037,0,0.074,0,0,3.904,39,246,nonspam
0,0,0,0,0,0,0,0,0,1.05,0,1.05,0,0,0,1.05,0,0,1.05,0,0,0,0,0,0,1.05,3.15,0,0,0,0,0,0,0,0,0,1.05,0,1.05,0,0,0,1.05,2.1,1.05,0,0,0,0,0.677,0,0.338,0,0,1.468,12,47,nonspam
1.39,0,2.09,0,0,0,0,0,0,0,0,6.29,0,0,0,0.69,0,0,4.19,0.69,0.69,0,0,0,0,0,0,0,0,0,0,0,0,0,0,0,0,0,0.69,0,0,0,0,0,0,0,0,0,0,0,0,0.254,0,0,2,13,64,nonspam
0,0.62,0.62,0,0.31,0,0,0,0,0,0,0.62,0,0,0,0.31,0,1.25,2.51,0,1.25,0,0,0,0,0,0,0,0,0,0,0,0,0,0,0,0,0,0,0,0,0,0,0,0.31,0,0,0,0,0.051,0,0.777,0,0,3.39,61,278,spam
0,0,3.48,0,0,0,0,1.16,1.16,0,0,0,0,0,0,0,0,0,2.32,0,0,0,0,0,0,0,0,0,0,0,0,0,0,0,0,0,0,0,0,0,0,0,0,0,0,0,0,0,0,0,0,1.405,0,0,9,28,72,spam
0.16,0.16,0.16,0,0.83,0.16,0,0.16,0,0,0,0.5,0.16,0,0,0,0,0,2.34,0,0.67,0,0,0,0,0,0,0,0,0,0,0,0,0,0,0,0,0,0,0,0,0,0,0.16,0.33,0.16,0,0,0.087,0.058,0,0,0,0,1.901,16,135,nonspam
0,0,0,0,0,0,0,0,0,0,0,0,0,0,0,1.28,0,0,3.84,0,3.84,0,0,0,0,0,0,0,0,0,0,0,0,0,0,0,0,0,0,0,0,0,0,0,1.28,0,0,0,0,0,0,0.23,0.23,0,5.538,41,72,spam
0,0.71,0.71,0,0.35,0.35,0,0,0,0,0,0.71,0,0,0,0.35,0,1.43,1.79,0,1.07,0,0,0,0,0,0,0,0,0,0,0,0,0,0,0,0,0,0,0,0,0,0,0,0,0,0,0,0,0.057,0,1.257,0,0,3.895,61,261,spam
0,0,2.77,0,0,0,0,0,0,0,0,0,0,0,0,0,0,0,8.33,0,0,0,0,0,0,0,0,0,0,0,0,0,0,0,0,0,0,0,0,0,0,0,0,0,0,0,0,0,0,0,0,0,0,0,1.214,4,17,nonspam
0,0,0,0,0.38,0.38,0.38,0.38,0,0,0.38,0,0,0,0,0.38,0,0,3.87,0,1.93,0,0,0.38,0,0,0,0,0,0,0,0,0,0,0,0,0,0,0,0,0,0,0,0,0,0,0,0,0,0,0,0.123,0,0,2.062,12,99,spam
0,0,0,0,0,0,0,0,0,0,0,0,0,0,0,0,0,0,0,0,0,0,0,0,10,0,0,0,0,0,0,0,0,0,0,0,0,0,0,0,0,0,0,0,0,0,0,0,0,0,0,0,0,0,1,1,1,nonspam
0,0,0,0,0,0,0,0,0,0,0,0,0,0,0,6.52,0,0,2.17,0,2.17,0,0,0,0,0,0,0,0,0,0,0,0,0,0,0,0,0,0,0,0,0,0,0,0,0,0,0,0,0,0,1.149,0,0,9.1,33,91,spam
0,0,0,0,0,0,0,1.12,0,0,0,0,0,0,0,0,0,0,0,0,0,0,1.12,0,0,0,0,0,0,0,0,0,0,0,0,0,0,0,0,0,0,0,0,0,1.12,0,0,0,0,0.212,0,0.424,0.424,0,4.1,25,82,spam
0,0,2.32,0,0,0,0,0,0,2.32,0,0,0,0,1.16,0,0,0,2.32,0,0,0,0,0,0,2.32,0,0,0,0,0,0,0,0,0,0,0,0,0,0,0,0,1.16,0,1.16,0,0,0,0,0.204,0,0,0,0,1.75,11,35,nonspam
0.34,1.36,0,0,0,0,0,0,0.34,1.7,0,0,0,0,0,0,0,0,1.7,0,0.34,0,0,0,1.36,0.68,1.02,0.34,0.34,0.34,0.34,0.34,0,0.34,0.34,0.34,0.34,0,0.34,0.34,0,0,0.34,0,0.34,0,0,0,0,0.244,0,0,0,0,1.696,13,112,nonspam
0,0.53,0,0,1.06,0,1.6,0,0,0.53,0,0,0,0,0.53,0,0,0.53,2.13,0,0.53,0,0,0,0,0,0,0,0,0,0,0,0,0,0,0,0,0,0,0,0,0,0,0,0.53,0,0,0,0,0.239,0.079,0.159,0,0,4.555,51,123,spam
0,0,0.67,0,0,0,0,0,0,0,0,1.34,0,0,0,0,0,0,4.69,0,1.34,0,0,0,0,0,0,0,0,0.67,0,0,0,0,0,0,0,0,0,0,0,0,0,0,0,0.67,0,0,0,0.493,0,0,0,0,1.24,3,31,nonspam
0,0,0,0,0,0,0,0,0,0,0,0,0,0,0,1,2,0,4,0,2,0,0,0,0,0,0,0,0,0,0,0,0,0,0,0,0,0,0,0,0,0,0,0,0,0,0,0,0,0.38,0,0,0,0,1.806,11,56,nonspam
0,0,0,0,0,0,0,0,0,0,0,1.25,0,0,0,0,0,0,1.25,0,3.75,0,0,0,0,0,0,0,0,0,0,0,0,0,0,0,0,0,0,0,0,0,0,0,1.25,0,0,0,0,0.715,0,0,0,0,1.411,4,24,nonspam
0,0,0,0,0,0,0,0,0,0,0,0,0,0,0,0,0,0,1.92,0,1.92,0,0,0,0,0,0,0,0,0,0,0,0,0,0,0,1.92,0,0,0,0,0,0,0,0,5.76,0,0,0,0.336,0,0,0,0,2.352,15,40,nonspam
0,0,0,0,0,0,0,0,0,0,0,0,0,0,0,0,0,0,0,0,0,0,0,0,0,0,9.09,0,0,0,0,0,0,0,0,0,0,0,0,0,0,0,0,0,0,0,0,0,0,0,0,1.282,0,0,1,1,8,nonspam
0,1.35,1.35,0,0,0,0,0,0,1.35,0,0,0,0,0,0,0,0,2.7,0,0,0,0,0,0,0,0,0,0,0,0,0,0,0,0,0,0,0,0,0,0,0,0,0,1.35,0,0,0,0,0.221,0,0,0,0,2.222,21,40,nonspam
0,0,1.56,0,1.56,0,0,0,0,1.56,0,6.25,0,0,0,0,0,1.56,1.56,0,1.56,0,0,0,0,0,0,0,0,0,0,0,0,0,0,0,0,0,0,0,0,0,0,0,0,0,0,0,0,0.278,0,0,0,0,1,1,11,nonspam
0,0,0,0,0.73,0.24,0,0,0,0.24,0,0.49,0,0,0,0,0,0,2.46,0,0.49,0,0,0,1.23,0.73,1.47,0.49,0.49,0.49,0.49,0.49,0,0.49,0.49,0.49,0,0,0.49,0.49,0,0,0.73,0,0.73,0,0,0,0,0.287,0.041,0.041,0,0.041,1.792,12,224,nonspam
0,0,0,0,0,0,0,0,0,0,0,1.42,0,0,0,1.42,0,0,2.14,0,0.71,0,0,0.71,0,0,0,0,0,0,0,0,0,0,0,0.71,0,0,0,0,0,0,0,0,0,0,0,0,0,0.099,0,0.899,0,0,3.066,36,138,spam
0,0,0,0,0,1.29,0,0.64,0,0,0,0,0,0,0,0,0,0,3.87,0,0.64,0,0,0,0,0,0,0,0,0,0,0,0,0,0,0,0,0,0,0,0,0,0,0,0,0,0,0,0,0,0,1.179,0.117,0,1.8,12,63,spam
0,0,0,0,0,0,0,0,0,0.73,0,0,0,0,0,0,0,0,0,0,0,0,0,0,2.2,2.2,1.47,2.2,1.47,0.73,0.73,0.73,0,0.73,2.2,0.73,0.73,0,0.73,0.73,0,0.73,0.73,0,0.73,0,0,0,0,0.555,0.666,0,0,0.111,2.351,12,127,nonspam
0,0.33,0.16,0,1.15,0.33,0.16,0,0,1.32,0,0.16,0,0.16,0.16,0.99,0,0,2.8,0,2.31,0,0.33,0,0,0,0.16,0,0,0,0,0,0,0,0,0,0.49,0,0,0,0,0,0,0,0.33,0,0,0,0,0.126,0,0.076,0.076,0.025,3.401,37,364,nonspam
0,0,0,0,0,0,0,0,0,0,0,3.33,0,0,0,0,0,0,0,0,0,0,0,0,0,0,0,0,0,0,0,0,0,0,0,0,0,0,0,0,0,0,0,0,0,0,0,0,0,0,0,0,0,0,1,1,4,nonspam
0.31,0,0,0,0.94,0,0,0,0,0,0.31,0,0,0,0,0.31,0,0.31,3.76,0.31,0.62,0,0,0.62,0,0,0,0,0,0,0,0,0,0,0.31,0,0,0,0,0,0,0,0,0,1.25,0,0,0,0,0.055,0,0.055,0.111,0,2.358,32,125,spam
0,0,0,0,4.54,0,0,0,0,0,0,0,0,0,0,0,0,0,0,0,0,0,0,0,0,0,0,0,0,0,0,0,0,0,0,0,0,0,0,0,0,4.54,0,4.54,0,0,0,0,0,0,0,0,0,0,2,5,16,nonspam
0,0,0,0,0,0,0,0,0,0,0,0,0,0,0,0,0,0,0,0,0,0,0,0,0,0,0,0,0,0,0,0,0,0,0,0,0,0,0,0,0,0,0,0,0,0,0,0,0,0,0,0,0,0,1,1,6,nonspam
0,0,0,0,0,0,0,0,0,0,0,0,0,0,0,2.04,0,0,1.02,1.02,0,0,0,0,0,0,0,0,0,0,0,0,0,0,0,0,0,0,0,0,0,0,0,0,0,0,0,0,0,0.174,0,0.174,0,0,1.787,7,59,spam
0.18,0,0.54,0,1.09,0.18,0.54,0,0.54,0.54,0,0.18,0,0,0.18,0.36,0.18,0.54,1.82,0,2,0,0,0.18,0,0,0,0,0,0,0,0,0,0,0,0,0,0,0,0,0,0.18,0,0,0,0,0,0,0,0.166,0,0.249,0.305,0,3.921,59,447,spam
0,0,0,0,3.84,0,0,0,0,0,0,0,0,0,0,0,0,0,3.84,0,0,0,0,0,0,0,0,0,0,0,0,0,0,0,0,0,0,0,0,0,0,0,0,0,0,0,0,0,0,0,0,0,0,0,1,1,7,nonspam
0,0.66,0.66,0,0.49,0,0.16,0.16,0,0,0,0.33,0.66,0.49,0.66,0,0,0,2.47,0.49,1.48,0,0,0.16,0,0,0,0,0,0,0,0,0.33,0,0,0,0,0,0,0,0,0,0,0,0.16,0,0,0,0,0,0,0.076,0.101,0.05,2.03,32,264,spam
0,0,0,0,0,0,0,0,0,0,0,0,0,0,0,0,0,0,0,0,0,0,0,0,0,0,0.28,0,0,0,0,0,0,0,0,0,0,0,0,0,0,0,0,0,0,0,0,0,0,1.343,0,0,0,0,4.226,8,317,nonspam
0,0,0,0,0.91,0,0,0,0,0.45,0,0.45,0,0,0,0,0,0,3.21,0.45,0.91,0,0,0,0,0,0,0,0,0,0,0,0,0,0,0,0,0,0,0,0,0,0,0,1.37,0,0,0,0,0,0,0.164,0,0,1.076,4,42,spam
0,0,0,0,0,0,0,0,0,0,0,0,0,0,0.44,0,0,0.44,0,0,0,0,0,0,0.44,0.44,0,0.88,0,0,0,0,0,0,0.44,0,0,0,0,0,0,0,0,0.44,0,0,0,0,0,0.123,0,0,0,0,1.857,15,104,nonspam
0,0,0.42,0,0,0,0,0,0,0,0,0.85,0,0,0,0.85,0,0.85,4.7,0,0.85,5.55,0,0,0,0,0,0,0,0,0,0,0,0,0,0,0.42,0,0,0,0,0,0,0,0,0,0,0,0,0.082,0,0,0.082,0.248,7.17,42,294,spam
0,0,0,0,0,0,0,0,0,0,0,0,0,0,0,0,0,0,0.72,0,0,0,0,0,0,0,0,0,0,0,0,0,0,0,0,0,1.44,0,0,0,1.44,0,0.72,0,1.44,1.44,0,0,0,0,0.114,0.114,0,0.114,1.645,12,51,nonspam
0,0,0,0,0,0,0,0,0,0,0,0,0,0,0,0,0,0,0,0,0,0,0,0,0,0,20,0,0,0,0,0,0,0,0,0,0,0,0,0,0,0,0,0,0,0,0,0,0,0,0,0,0,0,1,1,5,nonspam
0,0,0,0,0,0,0,0,0,0,0,0,0,0,0,0,0,0,0,0,0,0,0,0,0,0,0,0,0,0,0,0,0,0,0,0,0,0,0,0,0,0,0,0,0,0,0,0,0,0,0,0,0,0,4.25,10,17,nonspam
0.12,0.12,0.24,0,1.34,0.12,0,0.12,0,0,0.36,0.85,0,0,0,0.24,0.24,0,2.33,0,0.73,0,0,0,0,0,0,0,0,0,0,0,0,0,0,0.98,0,0,0,0.12,0,0,0,0,0.12,0,0,0,0.063,0.021,0,0.042,0.042,0,2.351,69,254,spam
0,0,0,0,0,0,0,0,0,0,0,0,0,0,0,0,0,0,0,0,0,0,0,0,0,0,0,0,0,0,0,0,0,0,0,0,0,0,0,0,0,0,0,0,0,0,0,0,0,0.344,0,0,0,0,1.88,13,47,nonspam
0.33,0,0,0,0,0.33,0,0,0,0,0,1.01,0.67,0,0,0,0.67,0,3.05,0,2.03,0,0,0,0,0,0,0,0,0,0,0,0,0,0,0,0,0,0,0,0,0,0,0,0,0,0,0,0,0,0,0,0,0,1.682,21,69,spam
0,0,0,0,0,0,0,0,0,0,0,0.32,0,0,0,0,0,0.65,0,0,0,0,0,0,0,0,0,0,0,0,0,0,0,0,0,0,0.97,0,0,0,0,0,0,0,0,0,0,0.97,0,0.1,0,0,0,0,2.59,69,386,nonspam
0,0,0,0,0,0,0,0.83,0,0,0,0,0,0,0,0,0,0,0,0,0,0,0,0,0.83,0.41,0,0.41,0.41,0,0,0,0,0,0.41,0.41,0.41,0,0,0,0,0,0,0,0,0,0,0,0,0.158,0,0,0,0,1.969,13,130,nonspam
0,0,0,0,0,0,0,0,0,0,0,1.07,0,0,0,0,0,1.07,2.15,0,0,0,0,0,2.15,3.22,0,2.15,0,0,0,0,0,0,2.15,0,0,0,0,0,0,2.15,0,0,0,0,0,0,0,0,0,0,0,0,1.718,11,55,nonspam
0,0.24,0,0,0.24,0,0,0.24,0,0.49,0,0,0,1.48,0,0,0,0,0.99,0,0,0,0,0,0.49,0,0.24,0,0,0,0.24,0,0,0,0.24,0,0.74,0,0,0,0,0,0,0,0,0,0,0,0,0,0,0,0.16,0,9.31,235,1108,nonspam
0.63,0,0.63,0,1.27,0,0.63,0,0,0,0,0.63,0,0,0,0.63,0.63,0,1.27,0,2.54,0,0.63,0,0,0,0,0,0,0,0,0,0,0,0,0,0,0,0,0,0,0,0,0,0,0,0,0,0.1,0,0,0.501,0.3,0,2.458,22,118,spam
0,1.72,0,0,0,0,0,0,0,1.72,0,0,0,0,0,1.72,0,0.86,0.86,0,0,0,0,0,0,0,0,0,0,0,0,0,0,0,0,0,0,0,0,0,0,0,0,0,0,0,0,0,0,0.125,0,0.251,0.251,0,2.022,12,91,spam
0,0,0,0,0,0,0,0,0,0,0,0,0,0,0,0,0,0,0,0,0,0,0,0,0,0,0,0,0,0,0,0,0,0,0,0,0,0,0,0,0,0,0,16.66,0,0,0,0,0,0,0,0,0,0,1.5,3,6,nonspam
0,0,0.42,0,0.42,0.14,0,0,0,0,0,1.56,0.14,0,0,0,0.28,0,0.14,0,0.14,0,0,0,3.12,0,0.14,0,1.27,0.42,0,0,0,0,0,0.56,0.28,0,0.14,0,0,0,0.14,0,0.14,0,0,0,0.058,0.019,0.019,0,0,0,2.345,17,333,nonspam
0.7,0,0.35,0,0.7,0.35,0.7,0,0.7,0,0,0,0.7,0,0,0,1.05,0,3.16,0,1.4,0,0,1.05,0,0,0,0,0,0,0,0,0,0,0,0,0,0,0,0,0,0,0,0,0,0,0,0,0,0.173,0,0.23,0,0,4.596,60,262,spam
0.44,0,0.88,0,0.44,1.32,0.44,0,0,0,0,0,0,0,0,0,0,0.44,1.76,0,2.2,0,2.2,0,0,0,0,0,0,0,0,0,0,0,0,0,0,0,0,0,0,0,0,0,0,0,0,0,0.216,0,0,0.433,0.361,0,2.375,16,133,spam
0,0,0.97,0,0,0,0,0,0,0.97,0,0,0,0,0,0,0,0,2.91,0,0.97,0,0,0,0,0,0,0,0,0,0,0,0,0,0,0,0,0,0,0,0,0,0,0.97,0,0,0,0,0,0,0,0,0,0,1.714,6,12,nonspam
0.26,0,0,0,0,0.26,0,0,0,0,0,0,0.26,0,0,0,0,0,2.66,0,0.26,0,0,0,0,0,0,0,0,0,0,0,0,0,0,0,0,0,0,0,0.53,0,0,0.26,0.53,0.26,0,0,0,0.046,0,0,0,0,1.222,5,77,nonspam
0.37,0.18,0.18,0,0.37,0,0,0.18,0,0.18,0,0.55,0,0,0,0,0,0,0.92,0,0,0,0,0,0,0,0.55,0,0,0,0,0,0,0,0,0,0.55,0,0.18,0,0,0.37,0,0,0.74,1.48,0,0,0.116,0.29,0.029,0.029,0.029,0,3.455,24,387,nonspam
0,0,0,0,0.82,0,0,0,0,0.82,0,0,0,0,0,0,0,0,1.65,0,0.82,0,0,0,0,0,0.82,0,0.82,0.82,0,0,3.3,0,0,0,0,0,0,0,0,0.82,0,0,1.65,0,0,0,0,0.301,0.15,0,0,0,1.678,5,47,nonspam
0,0,0,0,0.42,0,0,0,0,0,0,0.42,0,0,0,0,0,0,0.42,0,0,0,0,0,0,0,0,0,1.28,0,0,0,0,0,0,0,0.85,0,0,0,0,0.85,0,0,0,0,0,0,0,0,0,0,0,0,2.161,5,294,nonspam
0.11,0,0.22,0,0,0.11,0,0,1.01,0,0,0.33,0,0,0,0,0,0,0.44,0,0.22,0,0,0,0.78,0.67,0.11,0,0,0,0,0,0.56,0,0,0,0.22,0,0,0,0,0,0,0,0,0,0,0,0.171,0.233,0.031,0,0.031,0,3.189,32,571,nonspam
0,0,0,0,0,0,0,0,0,0,0,0,0,0,0,3.07,0,0,0,0,0,0,0,0,0,0,0,0,0,0,0,0,0,0,0,0,0,0,0,0,0,0,0,0,0,0,0,0,0,0,0,0.273,0,0,5.75,25,69,spam
0,0,0.39,0,0.39,0.39,0,0,0,0,0,0,0.39,0,0,0.39,0,0.39,1.17,0,0.78,0,0.39,0.39,0,0,0,0,0,0,0,0,0,0,0,0,0,0,0,0,0,0,0,0,0,0.39,0,0,0,0.065,0.065,0.261,0.065,0,2.89,55,159,nonspam
0,0,0.85,0,1.36,0,0,0,0,0.17,0,0.34,0.17,0,0,0,0,0,0.85,0,0,0,0,0,0,0,0,0,0,0,0,0,0,0,0,0,0,0,0,0,0,0,0,0,0,0,0,0,0.034,0,0,0,0,0,1.085,3,89,nonspam
0,0.68,0,0,4.08,0,0.68,0,0,0.68,1.36,1.36,0,0,0,0,0.68,0.68,2.72,0,2.04,0,0,0,0,0,0,0,0,0,0,0,0,0,0,0,0,0,0,0,0,0,0,0,0,0,0,0,0,0,0,0,0.11,0,6.588,68,112,spam
0,0.39,0.19,0,0.19,0.09,0,0,0,0,0,0.29,0,0,0.29,0,0,0.29,0.89,0,0.29,0,0,0,0.49,0.49,0,0,0,0,0,0,0,0,0,0,0.19,0,0,0,4.75,0,0.09,0,0.09,5.74,0,0,1.352,0.08,0,0.016,0,0,1.679,17,178,nonspam
0.11,0,0.11,0,0.11,0.11,0,0,1.03,0,0,0.34,0,0,0,0,0,0,0.45,0,0.22,0,0,0,0.57,0.68,0.11,0,0,0,0,0,0.34,0,0,0,0.22,0,0,0,0,0,0,0,0,0,0,0,0.078,0.171,0.031,0,0.031,0,3.407,41,535,nonspam
0,0,0,0,0,0,0,0,0,0,0,0,0,0,0,0,0,0,0,0,0,0,0,0,0,0,0,0,14.28,0,0,0,0,0,0,0,0,0,0,0,0,14.28,0,0,0,0,0,0,0,0,0,1.123,0,0,1.3,4,13,nonspam
0.06,0,0.06,0,0,0,0,0,0.61,0,0,0.2,0,0,0,0,0,0.06,0.27,0,0.2,0,0,0,0.75,0.81,0.06,0,0,0,0,0,0.27,0,0,0,0.47,0,0,0,0,0,0,0,0,0,0,0,0.173,0.183,0.048,0,0.019,0,2.738,36,827,nonspam
0,0,0,0,0,0,0,0,0,0,0,0,0,0,0,0,0,0,0,0,0,0,0,0,0,0,20,0,0,0,0,0,0,0,0,0,0,0,0,0,0,0,0,0,0,0,0,0,0,0,0,0,0,0,1,1,5,nonspam
0,14.28,0,0,0,0,0,0,0,0,0,0,0,0,0,0,0,0,0,0,0,0,0,0,0,0,0,0,0,0,0,0,0,0,0,0,0,0,0,0,0,0,0,0,0,0,0,0,0,0,0,0,0,0,1.8,5,9,nonspam
0,0.11,0.11,0,0.34,0,0,0,0.11,0.69,0.34,0.23,0.11,0,0,0,0,0.11,0.81,0,0.46,0,0.34,0,0,0,0,0,0,0,0,0,0,0,0,0.11,0.23,0,0.11,0,0,0,0,0,0,0.92,0,0,0.017,0.153,0,0.017,0.068,0.017,3.441,35,499,nonspam
0,0,0.62,0,0.62,0,0,0,0,0,0,1.25,0,0,0,0,0,0,0.62,0,0.62,0,0,0,1.57,1.57,0.31,0,0,0,0,0,1.57,0,0,0,0.31,0,0.31,0,0,0.94,0,0,0.62,0,0,0.62,0.164,0.109,0.109,0,0.054,0,1.671,13,107,nonspam
0,0.34,0.69,0,0.34,0,0.17,0,0,0.51,0.17,0,0.17,0,0.17,0.17,0,0.86,0.34,0.17,0.51,0,0,0,0,0,0,0,0,0,0,0,0,0,0,0,0,0,0,0,0,0,0,0,0,0,0,0,0,0,0,0.315,0,0.026,6.364,149,942,spam
0,0,0.88,0,0.88,0,0,0,0,0,0,4.42,0,0,0,0,0,0,0.88,0,0,0,0,0,1.76,1.76,0.88,0,0,0,0,0,0,0,0,0.88,0.88,0,3.53,0,0,0.88,0,1.76,0,0,0,0.88,0.139,0.279,0,0,0,0,1.326,6,61,nonspam
0,0,0,0,0,0,0,0,0,0,0,0,0,0,0,0,0,0,2.32,0,0,0,0,0,0,0,2.32,0,0,0,0,0,4.65,0,0,0,0,0,0,0,0,0,0,0,2.32,0,0,0,0,0,0,0,0,0,1,1,11,nonspam
0,0,0,0,0,0,0,0,0.94,0,0,0,0,0,0,0,0,0,0,0,0,0,0,0,0,0,0,0,0,0,0,0,0,0,0,0,0,0,0,0,0.94,0,0,0,0.94,0.94,0,0,0,0.203,0,0,0,0,1.416,6,34,nonspam
0,0,0,0,0,0,0,0,0,0,0,0,0,0,0,0,0,0,0,0,0,0,0,0,0,0,0,0,0,0,0,0,0,0,0,0,0,0,0,0,0,0,0,0,0,1.47,0,0,0,0.364,0,0,0,0,3.23,38,126,spam
0.62,0,0.62,0,0,0,0.62,0,0,0,0,3.1,0,0,0,0,1.24,1.24,5.59,0,1.86,0,0,0.62,0,0,0,0,0,0,0,0,0,0,0,0,0,0,0,0,0,0,0,0,0,0,0,0,0,0.31,0,0.517,0,0,3.363,22,111,spam
0,0.34,1.02,0,0.68,0.34,0.34,0,0,0,0,0.34,0,0,0,2.04,0,0.34,4.76,0,2.38,0,0,0.34,0,0,0,0,0,0,0,0,0,0,0,0,0,0,0,0,0,0,0,0,0,0,0,0,0,0.161,0,0.215,0,3.879,6.978,56,328,spam
0,0,0,0,0,0,0,0,0,0,0,1.58,0,0,0,0,0,0,0,0,1.58,0,0,0,0,0,0,0,0,0,0,0,0,0,0,0,0,0,0,0,0,0,0,0,0,1.58,0,0,0,0.287,0,0.287,0,0,1.076,2,14,nonspam
0,0,0,0,0,0,0,0,0,0,0,1.4,0,0,0,0,0.7,0,1.4,0,1.4,0,0,0,0,0,0.7,0,0,0,0.7,0,0,0,0,0,0,0,0,2.11,0,0,0,0,0,0,0,0,0,0.267,0.066,0,0,0,17.904,200,376,nonspam
0,0,0,0,0,0,0,0,0,0.76,0,2.29,0,0,0,0,0,0,3.05,0,0,0,0,0,0,0,0,0,0,0,0,0,0,0,0,0,0,0,0,0,0,0,0,0,0.76,1.52,0,0,0,0,0,0,0,0,1.216,4,45,spam
0,0,1.24,0,1.24,0.62,0,0,0,0,0,0,0,0,0,1.24,0.62,0,0.62,0,1.86,0.62,0.62,0,0,0,0,0,0,0,0,0,0,0,0,0,0,0,0,0,0,0,0,0,0.62,0,0,0,0,0.107,0,0.321,0.107,0.107,3.846,30,150,spam
0.46,0,0,0,0,0,0,0,0,0,0,2.32,0.46,0,0,0,0,0.46,5.11,0,0.46,0,0,0,0.93,1.39,0,0,0.46,0,0,0,0,0,0,0,0,0,1.39,0,0,0.93,0,0,0,0,0,0,0,0,0,0.065,0,0,2,13,86,nonspam
0.38,0,1.16,0,0,0,0,0,0,0,0,1.16,0,0,0,0.77,0,0,0.77,0,0,0,0,0,0,0,0,0,0,0,0,0,0,0,0,0,0,0,0,0,0,0,0,0,0.77,0.38,0,0,0,0,0,0,0,0,2,51,114,nonspam
0.1,0,0.1,0,0.1,0.1,0,0.4,0,0,0.1,0.8,0,0,0,0,0,0.1,0.1,0,0,0,0,0,0.1,0,0,0.1,0,0,0,0,0.1,0,0,0,0.3,0,0.1,0,0,0.4,0.2,0.2,0,0.8,0,0,0.015,0.136,0.015,0,0.015,0,1.636,18,527,nonspam
0,0,0,0,0,0,0,0,0,0,0,0,0,0,0,0,0,0,0,0,0,0,0,0,0,0,20,0,0,0,0,0,0,0,0,0,0,0,0,0,0,0,0,0,0,0,0,0,0,0,0,0,0,0,1,1,5,nonspam
0,14.28,0,0,0,0,0,0,0,0,0,0,0,0,0,0,0,0,0,0,0,0,0,0,0,0,0,0,0,0,0,0,0,0,0,0,0,0,0,0,0,0,0,0,0,0,0,0,0,0,0,0,0,0,1.8,5,9,nonspam
0,0,0,0,0,0,0,0,0,0,0,0.72,0,0,0,0,0,0,1.45,0,2.18,0,0,0,1.45,0.72,1.45,0.72,0.72,0.72,0.72,0.72,0,0.72,0.72,0.72,0.72,0,0.72,0.72,0,0,0.72,0,0.72,0,0,0,0,0.367,0,0,0,0,1.897,12,74,nonspam
0.08,0,0.16,0,0.58,0.08,0,0,0.08,0,0,2.24,0.08,0.16,0,0,0.08,0,0.99,0,0.74,0,0.08,0,0.74,0.66,0,0,0.82,0.99,0,0,0,0,0,0.08,0.08,0,0.16,0,0,0.24,0,0,0.08,0,0,0.08,0.08,0.011,0,0,0,0,2.1,60,500,nonspam
0,0,0,0,0,0,0,0,0,0,0,0.99,0,0,0,0.99,0,0,2.97,0,1.98,0,0,0,0.99,0.99,0,0,0,0,0,0,0,0,0,0,0,0,0,0,0,0,0,0,0,0,0,0,0,0,0,0.262,0,0,1.565,14,36,nonspam
0,0,0.25,0,0,0,0,0,0,0,0,0.25,0.25,0,0,0,0,0,4.02,0,4.02,0,0,0,0.75,0.75,0,0,0.25,0,0,0,0,0,0,0,0,0,0,0,0,0,0,0,0,0,0.25,0,0,0.111,0,0,0,0,4.446,29,209,nonspam
0,0,0,0,0,0,0,0,0,0,0,0,0,0,0,0,0,0,0,0,0,0,0,0,0,0,7.69,0,0,0,0,0,0,0,0,0,0,0,0,0,0,0,0,0,0,0,0,0,1.408,0,0,0,0,0,2.6,6,13,nonspam
0,0,0,0,0.87,0,0.87,0,0,0,0,0,0,0,0,2.63,0,0.87,2.63,0,0,0,0,0,0,0,0,0,0,0,0,0,0,0,0,0,0,0,0,0,0,0,0,0,0,0,0,0,0,0,0,0.798,0.159,0,18.454,136,203,nonspam
0,0,0,0,0,0,0,0,0,0,0,0,0,0,0,0,0,0,0,0,0,0,0,0,9.52,4.76,4.76,4.76,4.76,4.76,4.76,4.76,0,4.76,4.76,4.76,0,0,0,4.76,0,0,0,0,0,0,0,0,0,1.257,0,0,0,0,3.333,11,30,nonspam
0,0,0.64,0,0.64,0,0,0,0,1.29,0,0,0,0,0,2.59,0,0,3.24,0,0.64,0,0,0,0,0,0,0,0,0,0,0,0,0,0,0,0,0,0,0,0,0,0.64,0,0,0,0,0,0,0,0,0.574,0,0,5.833,30,105,spam
0,0,0,0,0,0,0,0,0,0,0,0,0,0,0,0,0,0,0,0,0,0,0,0,0,0,0,0,0,0,0,0,0,0,0,0,0,0,0,0,0,0,0,0,0,0,0,0,0,0,0,0,0,0,1,1,5,nonspam
0,0,0,0,0,0,0,0,0,0,0,0.55,0,0,0,0,0,0,0,0,0.55,0,0,0,0.55,0,0,0,0.55,0,0,0,0,0,0,0,0.55,0,0,0,0,0.55,0,0,0,0,0,0,0,0.25,0,0,0,0,1.601,8,173,nonspam
0,14.28,0,0,0,0,0,0,0,0,0,0,0,0,0,0,0,0,0,0,0,0,0,0,0,0,0,0,0,0,0,0,0,0,0,0,0,0,0,0,0,0,0,0,0,0,0,0,0,0,0,0,0,0,1.8,5,9,nonspam
0,0,0.32,0,0.64,0.64,0.32,0.64,0,0,0,0.32,0.32,0,0,0.32,0.32,0,2.27,0,3.24,0,0,0.32,0,0,0,0,0,0,0,0,0,0,0,0,0,0,0,0,0,0,0,0,0.64,0,0,0,0,0.112,0,0,0.168,0,1.494,10,139,spam
0,0,0,0,7.14,0,0,0,0,0,0,0,0,0,0,0,0,0,0,0,0,0,0,0,0,0,0,0,0,0,0,0,0,0,0,0,0,0,0,0,0,0,0,0,7.14,0,0,0,0,0,0,0,0,0,1.6,4,8,nonspam
0,0,2.17,0,0,0,0,0,0,0,0,0,0,0,0,0,0,2.17,8.69,0,6.52,0,0,0,0,0,0,0,0,0,0,0,0,0,0,0,0,0,0,0,0,0,0,0,0,0,2.17,0,0,0,0,0,0,0,1.333,3,8,nonspam
0.39,0,0,0,0,0,0,0,0,0.39,0,0,0,0,0,0,0,0,2.39,0,0,0,0,0,5.57,1.59,1.19,0.39,0.39,1.19,0.39,0.39,0,0.39,0.39,0.39,0.39,0,0.79,0.39,0,0,0.39,0,0.39,0,0,0,0,0.104,0.052,0,0,0.052,3.153,57,246,nonspam
0,0,0,0,0,0,0,0,0,0,0,6.45,0,0,0,0,0,0,0,0,0,0,0,0,0,0,0,0,0,0,0,0,0,0,0,0,0,0,0,0,0,0,0,0,0,0,0,0,0,0,0,0.645,0,0,1.666,7,15,nonspam
0,0,1.34,0,0.67,0,0,0,0,0,0,0,0,0,0,0,0,0.67,0.67,0,0.67,0,0,0,0,0,0,0,0,0,0,0,0,0,0,0,0,0,0,0,0,0,0,0,0.67,0,0,0,0,0,0,0.332,0.11,0,2.315,12,132,spam
0,0,0.61,0,0,0,0,0,0,0,0,0.61,0,0,0,0,0,0,0.61,0,0,0,0,0,5.52,1.22,1.22,0.61,0.61,1.84,0.61,0.61,0,0.61,0.61,0.61,0,0,1.22,0.61,0,0,0,0,0.61,0,0,0,0,0.143,0,0,0,0,3.682,51,151,nonspam
0,0,0.68,0,0.68,0,0,0,0,0,0,0,0.34,0,0,0,0,0.34,1.7,0,0,0,0,0,0,0,0,0,0,0,0,0,0,0,0,0,0,0,0,0,0,0,0,0,0.68,0,0,0,0,0.173,0,0.463,0,0,1.538,11,80,nonspam
0,0,0,0,0,0,0,0,0,0,0,0,0,0,0,0,0,0,0,0,0,0,0,0,0,0,16.66,0,0,0,0,0,0,0,0,0,0,0,0,0,0,0,0,0,0,0,0,0,0,0,0,0,0,0,1,1,6,nonspam
0,0,0,0,0,0,0,0,0.91,0,0,0.3,0,0,0,0,0,0,0,0,0,0,0,0,0,0,0,0,0,0,0,0,0,0,0.3,0,0,0,0,0,0,0,0,0,0,0,0,0,0.109,0.254,0,0,0,0,3.606,119,357,nonspam
0.17,0.17,0.69,0,0.34,0.17,0,0.86,0.17,0.69,0.34,1.38,0,0,0,0,1.73,0.34,2.07,1.55,3.8,0,0,0.34,0,0,0,0,0,0,0,0,0,0,0,0,0,0,0,0.17,0,0,0,0,0,0,0,0,0,0.194,0,1.718,0.055,0,5.175,63,621,spam
0,0,0,0,0,0,0,0,0,0,0,0,0,0,0,0,0,0,0,0,0,0,0,0,0,0,20,0,0,0,0,0,0,0,0,0,0,0,0,0,0,0,0,0,0,0,0,0,0,0,0,0,0,0,1,1,5,nonspam
0,0,0,0,0,0,0,0,0,0,0,1.24,0,0,0,0,0,0,0,0,0,0,0,0,0,0,0,0,0,0,0,0,6.22,0,0,0,0,0,0,0,0,0,0,0,0,0,0,0,0,0,0,0,0,0,1.6,7,64,nonspam
0,0,1.96,0,0,0,0,0,0,0,0,3.92,0,0,0,0,0,0,0,0,0,0,0,0,1.96,3.92,0,0,0,1.96,0,0,0,0,0,0,0,0,0,0,0,0,0,0,0,0,0,0,0,0.476,0,0,0,0,2.318,25,51,nonspam
0,2.7,0,0,0,0,0,0,0,2.7,0,0,0,0,0,0,0,0,8.1,0,0,0,0,0,0,0,0,0,0,0,0,0,0,0,0,0,0,0,0,0,0,0,0,0,2.7,0,0,0,0,0,0,0,0,0,2.538,21,33,nonspam
0,0,0,0,0,0,0,0,0,0,0,0.76,0,0,0,0,0,0,0.76,0,1.53,0,0,0,10.76,0,0,0,0,0,0,0,0,0,0,0,0.76,0,0,0,0,0,0.76,0,0,0,0,0,0.377,0,0.094,0,0,0,4.807,31,274,nonspam
0,0,0,0,0,0,0,0,0,5.26,0,5.26,0,0,0,0,0,0,0,0,0,0,0,0,0,0,0,0,0,0,0,0,0,0,0,0,0,0,0,0,0,0,0,0,0,0,0,0,0,0,0,0.952,0,0,3.2,12,16,nonspam
0.24,0,0.24,0,0,0.48,0.24,0,0,0.48,0.24,0.72,1.2,0,0,1.68,0.72,0,1.92,0,1.68,0,0.24,0,0,0,0,0,0,0,0,0,0,0,0,0,0,0,0,0,0,0,0,0,0,0,0,0,0,0,0,0.677,0.828,0.15,4.333,52,429,spam
0,0.37,1.11,0,0.37,0,0,0,0,0.74,0.37,0.74,0,0,0.37,3.34,0,0,0.74,0,1.48,0,0,0.37,0,0,0,0,0,0,0,0,0,0,0,0,0,0,0,0,0,0,0,0,0,0,0,0,0,0.292,0,0.878,0.175,0.058,5.985,58,425,spam
0,0,0.26,0,0,0,0,0,0,1.05,0,1.31,0,0,0,0,0,0,0.26,0,0.26,0,0,0,0.26,1.05,0,0,0,0,0,0,0,0,0.26,0,1.05,0,0,0,0,0,0,1.05,0,0,0,0.26,0,0.439,0,0,0,0,2.724,50,237,nonspam
0,1.32,0.56,0,0,0.94,0,0.18,0.37,0.75,0,2.07,0,0,0,0,0.37,0,2.45,0,0.94,0,0,0.18,0,0,0.18,0,0,0,0,0,0,0,0,0,0,0,0,0,0,0,0,0,0,0,0,0,0,0.08,0,0.241,0.107,0,2.623,35,244,spam
0,0.49,0.49,0,1.49,0,0,0,0,0.99,0.49,0,0,0,0,0.49,0,0,0.99,0.49,1.99,0,0,0.49,0,0,0,0,0,0,0,0,0,0,0,0,1.49,0,0,0.49,0,0,0,0,0,0,0,0,0,0.078,0,0.625,0.312,0,4.75,47,190,spam
0,0,0,0,0,0,0,0,0,0,0,0,0,0,0,0,0,0,0,0,0,0,0,0,0,0,11.11,0,0,0,0,0,0,0,0,0,0,0,0,0,0,11.11,0,0,0,0,0,0,0,0,0,0,0,0,1,1,6,nonspam
0,1.16,0.38,0,0,0,1.16,0,0,0.77,0.38,0.77,0,0,0,1.93,0,0.38,2.32,0,1.16,0,0,0,0,0,0,0,0,0,0,0,0,0,0,0,0.38,0,0,0,0,0,0,0,0.38,0,0,0,0,0,0,0.198,0,0.148,9.266,332,556,spam
0,0,0.32,0,0.65,0.65,0.32,0.32,0,0,0,0.32,0.32,0,0,0.32,0.32,0,2.28,0,3.26,0,0,0.32,0,0,0,0,0,0,0,0,0,0,0,0,0,0,0,0,0,0,0,0,0.32,0,0,0,0,0.105,0,0,0.158,0,1.494,10,139,spam
0,0,0.55,0,0.22,0.22,0.11,0,0.11,0.22,0,0.33,0.33,0,0,0,0.22,0,0,0,0,0,0.55,0,0,0,0,0,0,0,0,0,0,0,0,0,0,0,0,0,0,0,0,0,0,0,0,0,0,0.155,0,0.034,0.12,0,1.961,14,302,spam
0,0,0,0,0,0,0,0,0,0,0,0,0,0,0,0,0,0,0,0,0,0,0,0,0,0,8.33,0,0,0,0,0,0,0,0,0,0,0,0,0,0,0,0,0,0,0,0,8.33,0,0,0,0,0,0,1.5,3,12,nonspam
0,0,0,0,0,0,0,0,0,0,0,0,0,0,0,0,0,0,0,0,0,0,0,0,0,0,0,0,0,0,0,0,0,0,0,0,0,0,0,0,0,0,0,0,0,0,0,0,0,0,1.176,0,0,0,2.142,8,15,nonspam
0,0,0,0,0,0,0,0,0,0,0,1.4,0,0,0,0,0.7,0,1.4,0,1.4,0,0,0,0,0,0.7,0,0,0,0.7,0,0,0,1.4,0,0,0,0,2.11,0,0,0,0,0,0,0,0,0,0.267,0.066,0,0,0,17.952,200,377,nonspam
0,0.63,0,0,1.59,0.31,0,0,0.31,0,0,0.63,0,0,1.27,0.63,0.31,3.18,2.22,0,1.91,0,0.31,0.63,0,0,0,0.31,0,0,0,0,0,0,0,0,0,0,0,1.59,0,0,0,0,0,0,0,0,0,0.275,0,0.055,0.496,0,3.509,91,186,spam
0,0,0,0,0,0,0,0,0,0.69,0,2.09,0,0,0,0,0,0,4.19,0,0.69,0,0,0,1.39,3.49,0,1.39,0.69,0.69,0,0,0,0,0.69,1.39,0,0,0,0,0,0,0,0,0,0,0,0,0,0.281,0,0,0.093,0,2.744,12,129,nonspam
0,0,0,0,4.76,0,0,0,0,0,0,0,0,0,0,0,0,0,0,0,0,0,0,0,0,0,0,0,4.76,0,0,0,0,0,0,0,0,0,0,0,0,4.76,0,0,0,0,0,0,0,0,0,0,0,0,1,1,6,nonspam
0,0,0,0,0,0,0,0,0,0.33,0,0.67,0,0,0,0,0,0,1.68,0,0,0,0,0,0,0,0,0,0,0,0,0,0,0,0.33,0,0,0,0,0,0,0,0,0,0.33,0.33,0,0,0.28,0.28,0,0.112,0.336,0,2.96,19,222,spam
0,0.35,0.35,0,0,0.35,0,0,0,0.35,0,0.71,0,0,0,0,0,0,3.58,0,1.07,0,0,0,0,0,0,0,0.35,0,0,0,0,0,0,0,0,0,0.35,0,0,0,0,0,0,0,0,0,0,0.12,0.06,0,0,0,1.787,11,118,nonspam
0.33,1.01,0,0,1.35,0,0.33,0,0,0,0.67,0.67,0.33,0,0,1.01,0,1.68,2.36,0,3.71,0,0,0,0,0,0,0,0,0,0,0,0,0,0,0,0,0,0,0,0,0,0,0,0,0,0,0,0,0.12,0,0.06,0.06,0,193.5,1013,1161,spam
0,0.54,0,0,0.54,0,0,0,0,0,0,0,0,0,0,0,0,0,0,0,0,0,0,0,0.54,0.54,0,0,0,0,0,0,0,0,0,0,0,0,0,0,0,0,0,0,1.09,0,0,0,0,0.182,0.091,0.091,0,0,1.212,5,40,nonspam
0,0,0,0,0,0,0,0,0,1.49,0,1.49,0,0,0,0,0,0,7.46,0,1.49,0,0,0,0,0,0,0,0,0,0,0,0,0,0,0,0,0,0,0,0,0,0,0,0,0,0,0,0,0,0,0,0,0,2.692,15,35,spam
0,0,0,0,0,0,0,0,0,0,0,0,0,0,0,0,0,0,3.22,0,0,0,0,0,0,0,0,0,0,0,0,0,0,0,0,0,0,0,0,0,0,0,0,0,0,0,0,0,0,0,0,0.546,0,0,2.3,9,23,spam
0.22,0.22,0.22,0,1.77,0.22,0.44,0.44,0.22,2.88,0,0.88,0.22,0,1.11,0.44,0,0.44,3.33,0,3.33,0,0.44,0.44,0,0,0,0,0,0,0,0,0,0,0,0,0,0,0,0.44,0,0,0,0,0,0,0,0,0,0,0,0.563,0.15,0,86.65,1038,1733,spam
0,0,0,0,0,0,0,0,0,0,0,0,0,0,0,0,0,0,0,0,0,0,0,0,0,0,0,0,0,0,0,0,0,0,0.08,0,0,0,0,0,0,0,0,0,0.08,0,0,0,0,2.263,0,0,0,0,3.149,9,1310,nonspam
0.87,0.17,0.52,0,0,0.32,0,0.04,0.29,0.42,0.39,1.37,0.87,1.69,0,0.32,0.54,0.22,3.47,0.29,1.32,0,0.34,0.84,0,0,0,0,0,0,0,0,0,0,0,0,0,0,0,0,0,0,0,0.02,0.07,0,0.04,0,0.016,0.058,0,0.639,0.165,0.182,3.697,117,3498,spam
0,1.28,0,0,0,0,0,0,0,1.28,0,0,0,0,0,0,0,0,5.12,0,0,0,0,0,0,0,0,0,0,0,0,0,0,0,0,0,0,0,0,0,1.28,0,0,1.28,1.28,0,0,0,0,0,0,0,0,0,2.105,21,40,nonspam
0,0,0,0,0,0,0,0,0,0,0,0,0,0,0,0,0,0,0,0,0,0,0,0,0,0,0.17,0,0.17,0,0,0,0,0,0,0,0,0,0,0,0,0,0,0,0,0,0,0,0,0.026,0.343,0,0,0.026,4.326,28,822,nonspam
0,0,0.65,0,0,0,0,0,0,0,0,0,0.65,0,0,0,0,0,4.6,0,0.65,0,0,0,0,0,0,0,0,0,0,0,0,0,0,0,0,0,0,0,0,0,0,0,1.97,0.65,0,0,0,0,0,0.125,0,0,1.25,5,40,nonspam
0,0,0.48,0,0.72,0.48,0,0,0.24,0,0.48,0.24,0,0,0,0.48,0,0,1.2,0,1.44,0,0.48,0.24,0,0,0,0,0,0.24,0,0,0,0,0,0,0,0,0,0.24,0,0,0.24,0,0,0,0,0.24,0,0.036,0,0.036,0.184,0,2.336,66,264,spam
0,0,0,0,0,0,0,0,0,0,0,0,0,0,0,0,0,0,0,0,0.32,0,0,0,0,0,0,0,0,0,0,0,0,0,0,0,0,0,0,0,0,0,0,0,0.32,0,0,0,0.218,0.218,0,0.054,0,0,2.16,9,108,nonspam
0,0,0,0,0,0,0,0,0,0,0,1.6,0,0,0,0,0,0,0,0,0,0,0,0,9.62,0,0.53,0,0,0,0,0,2.13,0,0,0,1.06,0,1.6,0,0,0.53,1.06,0,1.06,0,0,0,0.425,0,0.17,0,0,0,2.567,15,172,nonspam
0,0.39,0.99,0,0.39,0,0.19,0,0.19,0.19,0,0.39,0,0,0,0,0.19,0.19,0.59,0.59,0.39,0,0.19,0.39,0,0,0,0.59,0,0,0,0,0,0,0,0.19,0,0,0,0,0,0,0,0,0,0,0,0,0,0.074,0,0.174,0.548,0,4.965,97,993,spam
0,0,0.82,0,0.82,0,0,0,0,0,0,0.82,0,0,0,0,0.82,0,0,0,0,0,0,0,0,1.65,0,0,0,0.82,0,0,0,0,0,0,0,0,0,0,0,0,0,0,0.82,0,0,0,0,0,0,0.119,0,0,1.272,6,42,nonspam
0,0,0,0,0,0,0,0,0,0,0,0,0,0,0,0,0,0,1.43,0,0,0,0,0,0,0,0,0,0,0,0,0,0,0,0,0,0,0,0,0,0,0,0,0,0.47,0.47,0,0,0,0.252,0.168,0.168,0,0,1.228,5,43,nonspam
0,0,0,0,0,0,0,0,0,0,0,0,0,0,0,0,0,0,0,0,0,0,0,0,0,0,0,0,0,0,0,0,0,0,0,0,0,0,0,0,0,0,0,0,0,0,0,0,0,0,0,0,0,0,1,1,4,nonspam
0,0,0.94,0,0,0,0,0,0,0,0,0.94,0,0,0,0,0,0,1.89,0,0.94,0,0,0,1.42,0.94,0,0,0,0.47,0,0,0,0,0,0,0,0,0,0,0,0,0,0,0,0,0,0,0,0,0,0,0,0,2.24,13,112,nonspam
0.17,0.26,1.24,0,0.53,0.62,0.44,0.17,0.79,0.79,0.26,1.33,0.17,0,0.62,0.62,0.08,1.33,2.66,0.17,1.15,0,0.79,0.08,0,0,0,0,0,0,0,0,0,0,0,0,0,0,0,0.08,0,0,0,0,0.08,0,0,0,0,0.07,0,0.225,0.211,0.014,6.725,583,1345,spam
0,0,0,0,0,0,0,0,0,2.32,0,0,0,0,0,0,0,0,0,0,0,0,0,0,2.32,2.32,0,4.65,0,2.32,0,0,0,0,4.65,0,0,0,0,0,0,0,0,0,0,0,0,0,0,0.453,0,0,0,0,11.687,75,187,nonspam
0.06,0,0.06,0,0,0.06,0,0,0.54,0,0,0.18,0,0.12,0,0,0,0.06,0.24,0,0.18,0,0,0,1.14,1.2,0.06,0,0,0,0,0,0.18,0,0,0,0.9,0,0,0,0,0,0,0,0.12,0,0,0,0.115,0.221,0.115,0,0.017,0,3.015,38,1345,nonspam
0,0.06,0.2,0,0.61,0.13,0,0,0.75,0,0.27,0.75,0.27,0,0,0,0.2,0.13,1.16,0,1.23,0,0.06,0,0,0,0,0,0,0,0,0,0,0,0,0,0,0,0,0,0,0,0.06,0,0.06,0,0,0,0.034,0.057,0,0.472,0.092,0.023,2.086,104,703,spam
0,0,0.44,0,0,0.44,0,0,0,0,0,0,0.44,0,0,0,0,0,2.67,0,0.89,0,0,0,0.89,0,0,0,0,0,0,0,0,0,0,0.44,0,0,0,0,0.44,0,0,0,0.44,0,0,0,0,0.074,0,0.149,0,0,1.115,2,29,nonspam
0,0,0,0,0,0,0,0,0,0,0,0,0,0,0,0,0,0,0,0,0,0,0,0,0,0,0,0,0,0,0,0,0,0,0,0,2.08,0,0,0,0,0,0,0,0,6.25,0,0,0,0,0,0,0,0,3.125,15,50,nonspam
0,0.66,0.66,0,0.33,0,0,0,0,0,0,0.66,0,0,0,0.33,0,1.32,2.64,0,1.32,0,0,0,0,0,0,0,0,0,0,0,0,0,0,0,0,0,0,0,0,0,0,0,0.33,0,0,0,0,0.053,0,0.583,0,0,4.024,121,326,spam
0,0,0,0,0,0,0.49,0.99,0,2.48,0,0.49,0,0,0,0,0,0,0,0,0,0,0,0,3.48,2.48,0.49,0,0,0,0,0,0,0,0,0,1.99,0,0,0,0,0,0,0,0,0,0,0,0.336,0.588,0.168,0,0,0,5.61,42,331,nonspam
0,0,1.25,0,2.5,0,0,0,0,0,0,0,0,0,0,1.25,0,0,5,0,0,0,0,0,0,0,0,0,0,0,0,0,0,0,0,0,0,0,1.25,0,0,0,0,0,0,0,0,0,0,0,0,0,0,0,1.2,4,36,spam
0,0.11,0.35,0,1.18,0.47,0.23,0.35,0,0.11,0.11,0.95,0,0.11,0,2.13,0.95,0.23,1.9,0.35,0.35,0,0.59,0.11,0,0,0,0,0,0,0,0,0,0,0,0.35,0,0,0,0.11,0,0,0,0,0,0,0,0,0,0.057,0,0.42,0.191,0.21,8.026,283,1509,spam
0.12,0,0.12,0,0.12,0,0,0,1.11,0,0,0.37,0,0,0,0,0,0,0.49,0,0.24,0,0,0,0.62,0.74,0.12,0,0,0,0,0,0.49,0,0,0,0.12,0,0,0,0,0,0,0,0,0,0,0,0.083,0.167,0.033,0,0.033,0,3.211,32,485,nonspam
0,0,2.5,0,0,0,0,0,0,0,0,0,0,0,0,5,0,0,0,0,0,0,0,0,0,0,0,0,0,0,0,0,0,0,0,0,0,0,0,0,0,0,0,0,0,0,0,0,0,0.303,0,0.909,0,0,2.857,11,40,spam
0,0,0,0,0,0,0,0,0,0,0,0,0,0,0,0,0,0,0,0,0,0,0,0,0,0,20,0,0,0,0,0,0,0,0,0,0,0,0,0,0,0,0,0,0,0,0,0,0,0,0,0,0,0,1,1,5,nonspam
0.82,0,0,0,0.41,0,0.82,0,0,0,0,0.82,0,0,0,0,0.41,0,2.46,0,1.23,0,0.41,0,0,0,0,0,0,0,0,0,0,0,0,0,0,0,0,0,0,0,0,0,0,0,0,0.41,0,0.171,0,0.513,0.114,0,2.953,44,189,spam
0,0,0,0,0,0,1.04,0,0,0,0,1.04,0,0,0,0,1.04,0,3.66,0,2.09,0,0,0,0,0,0,0,0,0,0,0,0,0,0,0,0,0,0,0,0,0,0,0,0,0,0,0,0.061,0.246,0,0.615,0.061,0.061,3.318,59,146,spam
0,0.75,0.37,0,0,0,0.75,0,0,0.37,0,0.75,0,0,0,1.87,0.37,0,2.63,0,1.5,0,0,0,0,0,0,0,0,0,0,0,0,0,0,0,0,0,0,0,0,0,0,0,0.37,0,0,0,0,0,0,0.242,0,0.145,9.584,332,508,spam
0.78,0,0.78,0,1.56,0,0,0,0,0,0,0,0,0,0,0.78,0.78,0,1.56,0,2.34,0,0.78,0,0,0,0,0,0,0,0,0,0,0,0,0,0,0,0,0,0,0,0,0,0,0,0,0,0,0,0,0.792,0.339,0,2.627,22,113,spam
0,0,0.55,0,1.11,0,0,0,0,0,0,0,0.92,0,0.18,0,0.37,0.37,3.14,0,0.92,0,0,0,0,0,0,0,0,0,0,0,0,0,0,0,0,0,0,0,0,0,0,0,0,0,0,0,0,0.186,0,0.434,0,0,1.377,4,73,spam
0.09,0,0.36,0,0,0,0,0.09,0,0,0.18,1.01,0.18,0,0,0,0.64,0,0,0,0,0,0,0,2.49,0,0,0,0,0,0,0,0,0,0,0.09,0.18,0,0,0,0,0,0,0,0,0,0,0,0.131,0.209,0,0,0.039,0,2.278,24,629,nonspam
0.98,0,0.32,0,0.98,0,0,0,0,0,0,0,0.98,0,0,0.65,0,0,3.6,0,3.93,0,0.32,0.65,0,0,0,0,0,0,0,0,0,0,0,0,0,0,0,0,0,0,0,0,0,0,0,0,0,0,0,0.529,0.411,0,3.964,132,222,spam
0,0,5.1,0,2.04,0,0,0,0,0,0,1.02,0,0,0,0,0,0,1.02,0,0,0,0,0,0,0,1.02,0,0,0,0,0,0,0,0,0,0,0,0,0,0,0,0,0,0,0,0,0,0,1.094,0,0,0,0,1.29,5,40,nonspam
0,0.27,0.27,0,1.09,0,0,0,0.82,0.54,0,0.27,0.27,0,0,0.27,0.54,0,2.46,0,2.19,0,0,0.54,0,0,0,0,0,0,0,0,0,0,0,0,0,0,0,0,0,0,0,0,0,0,0,0,0,0,0,0.085,0.128,0,2.484,20,164,spam
0,0,0,0,0,0,0,0,0,0,0,2.85,0,0,0,0,0,0,8.57,0,0,0,0,0,0,0,0,0,0,0,0,0,0,0,0,0,0,0,0,0,0,0,0,0,2.85,0,0,0,0,0,0,0,0,0,1,1,7,nonspam
0,0,0.46,0,0.23,0.23,0,0,0,0,0,0,0,0,0,0.23,0,0,1.63,0,0.23,0,0,0,0,0,0,0,0,0,0,0,0,0,0,0,0,0,0,0,0.46,0,0,0,0,0.23,0,0,0,0.082,0,0.082,0,0,1.256,5,98,nonspam
0,0.8,0,0,0.8,0,0.8,0,0,0.8,0,0,0,0,0,0.8,0.8,0.8,1.61,0,1.61,0,0,0,0,0,0,0,0,0,0,0,0,0,0,0,0,0,0,0,0,0,0,0,0,0,0,0,0,0.134,0,0.269,0,0,3.115,19,81,spam
0.58,0,0,0,0.19,0.19,0,0,0.38,0.19,0,2.32,0,0,0,0.19,0,0,2.51,0,1.16,0,0,0,0.19,0.58,0,0,0,0,0,0,0,0,0,0,0.19,0,0,0,0,0,0,0.38,0,0,0,0,0,0.251,0,0,0,0.071,2.08,11,156,nonspam
0,0,0.22,0,0,0,0,0,0,0,0,0.22,0,0,0,0,0,0,1.11,0,0.22,7.12,0,0,0,0,0,0,0,0,0,0,0,0,0,0,0,0,0.22,0,0,0,0,0,0,0,0,0,3.125,0,0,0.24,0,0.28,5.397,43,448,nonspam
0,0,0,0,0.64,0,0,0,0,0,0.64,0.64,0,0,0,0,1.29,0,1.29,5.19,1.29,0,0,0.64,0,0,0,0,0,0,0,0,0,0,0,0,0,0,0,0,0,0,0,0,0,0,0,0,0,0.468,0,0.093,0,0,2.755,66,135,spam
0,0,0.89,0,1.79,0.44,0,0,0,0,0,0.44,0,0,0,1.34,0,0,2.24,0,4.48,0,0,0,0,0,0,0,0,0,0,0,0,0,0,0,0,0,0,0,0,0,0,0,0,0,0,0,0,0.074,0,0,0,0,2.25,12,144,spam
0,0,0.8,0,1.44,0.16,0.16,0,0,0,0,0.64,0.8,0,0,0,0.16,0.16,1.6,0,0.47,0,0.64,0,0,0,0,0,0,0,0,0,0,0,0,0,0,0,0,0,0,0,0,0,0,0,0,0,0,0.024,0,0.299,0.174,0,1.891,24,174,spam
0.37,0.75,1.13,0,0.37,0,0,0.37,0.37,1.88,0.37,2.64,0,0.37,0,0.37,0,0,2.26,0,4.52,0,0.37,0,0,0,0,0,0,0,0,0,0,0,0,0,0,0,0,0,0,0,0,0,0,0,0,0,0,0.197,0,1.248,0.197,0.065,58.705,842,998,spam
0,0,0,0,0,0,0,0,0,0,0,0,0,0,0,0,0,0,3.22,0,2.15,0,0,0,0,0,0,0,0,0,0,0,0,0,0,0,0,0,0,0,2.15,0,0,0,0,1.07,0,0,0,0.197,0,0,0,0,2.315,7,44,nonspam
0,0,0,0,0,0,0,0.99,0,0,0,0.49,0,0,0,0,0,0,0,0,0,0,0,0,1.98,0.49,0,0.49,0.49,0.99,0,0,0,0,0.49,0.49,0,0,0,0,0,0,0,0,0,0,0,0,0,0.119,0,0,0,0,2.135,13,126,nonspam
0,0,0,0,3.7,0,0,0,0,0,0,0,0,0,0,0,0,0,3.7,0,0,0,0,0,0,0,0,0,0,0,0,0,0,0,0,0,0,0,0,0,0,0,0,0,0,0,0,0,0,0,0,0,0,0,13.166,28,79,spam
0,0,0,0,1.54,0,0,0.51,0,0.51,0,0.51,0.51,0,0,0.51,0,0,1.54,0,1.03,0,0,0,0.51,0.51,1.54,0.51,0,0.51,0,0,0,0,0.51,0,0.51,0,0,0,0.51,0,0,0,0,0.51,0,0,0,0.158,0,0.079,0,0,1.711,15,77,nonspam
0,0,0,0,0,0,0.86,0,0,0,0,0,0,0,0,0.86,0,1.73,3.47,0,1.73,0,0,0,0,0,0,0,0,0,0,0,0,0,0,0,0,0,0,0,0,0,0,0,0,0,0,0,0,0.151,0,0.759,0,0,2.75,10,55,spam
0,0,0,0,0,0,0,0,0,0,0,0,0,2.06,0,0,0,0,0,0,0,0,0,0,0,0,0,0,0,0,0,0,0,0,0,1.03,0,0,0,0,0,0,0,0,1.03,0,0,0,0,0.17,0,0.51,0.34,0,3.761,23,79,spam
0,0,1.51,0,0,0,0,0,0,0,0,0,0,0,0,0,0,0,0,0,0,0,0,0,3.03,3.03,0,3.03,0,0,0,0,0,0,0,0,0,0,1.51,0,0,0,0,0,0,0,0,0,0,0.428,0,0,0,0,2.321,22,65,nonspam
0,0,0.11,0,0.22,0.11,0,0,0,0,0,0.99,0.11,0.11,0,0,0.22,0,0,0,0,0,0.11,0,3.21,0.11,0,0,0.33,0,0,0,0.11,0,0,0.88,0.44,0,0.11,0,0,0,0.11,0,0,0,0,0,0.044,0.149,0.014,0,0,0,2.419,27,559,nonspam
0,0,0,0,0.9,0,0.9,0,0,0.9,0.9,0,0.9,0,0,0,0,0,2.72,0,0.9,0,0,0,0,0,0,0,0,0,0,0,0,0,0,0,0,0,0,0,0,0,0,0,0,0,0,0,0,0,0,0,0,0,2.083,7,25,spam
0,0,0,0,0,0,0,0,0,2.5,0,5,0,0,0,0,0,0,0,0,0,0,0,0,0,0,0,0,0,0,0,0,0,0,0,0,0,0,0,0,0,0,0,0,0,0,0,0,0,0,0,0.436,0,0,1.7,8,17,nonspam
0,0,0.15,0,0.31,0,0.15,0,0.63,0.15,0.15,0,0,0,0,1.11,0,1.27,0.79,0,0,0,0,0,0.95,0,0,0,0,0,0,0,0,0,0,0,0.31,0,0,0.15,0,0,0,0,0,0,0,0,0,0.088,0,0.862,0.707,0.022,5.423,51,1128,spam
0,0,0,0,1.09,0,0,0.54,0,0,0.54,1.63,0,0.27,0,0,0.27,0.54,2.18,0,0.54,0,0,0,0,0,0,0,0,0,0,0,0,0,0,0.27,0,0,0,0,0,0,0,0,0,0,0,0,0,0.208,0,0.166,0.083,0,3.521,114,243,spam
0,0,0,0,0,0,0,0,0,0,0,0,0,0,0,0,0,0,0,0,0,0,0,0,0,0,0,0,0,0,0,0,0,0,0,0,0,0,1.88,0,0,0,1.88,0,0,0,0,0,0,0.647,0,0,0,0,2.8,18,42,nonspam
0,0,0,0,0,0,0,0,0,0,0,0,0,0,0,0,0,0,0,0,0,0,0,0,0,0,20,0,0,0,0,0,0,0,0,0,0,0,0,0,0,0,0,0,0,0,0,0,0,0,0,0,0,0,1,1,5,nonspam
0,0,0,0,0,0,0,0,0,0,0,0,0,2.06,0,0,0,0,0,0,0,0,0,0,0,0,0,0,0,0,0,0,0,0,0,1.03,0,0,0,0,0,0,0,0,1.03,0,0,0,0,0.163,0,0.163,0.326,0,3.545,21,78,spam
0.05,0,0.05,0,0,0,0,0,0.53,0,0,0.23,0,0,0,0,0,0.05,0.23,0,0.17,0,0,0,0.65,0.71,0.05,0,0,0,0,0,0.53,0,0,0,0.71,0,0,0,0,0,0,0,0,0,0,0,0.115,0.173,0.041,0,0.016,0,2.853,47,896,nonspam
0,0,0,0,0,0.63,0.63,0,0,0,0,0,0,0,0,0,0,0,0,0,1.91,0,0,0,0,0,0,0,0,0,0,0,0,0,0,0,0,0,0,0,0,0,0,0,0,0,0,0,0,0,0,0,0.613,0,1.251,12,174,spam
1.18,0.39,0.59,0,0,0.98,0.19,0.19,1.38,0.39,0,0.98,0,0.19,0,0.98,0,0,2.56,0.39,1.38,0,0,1.38,0,0,0,0,0,0,0,0,0,0,0,0,0,0,0,0,0,0,0,0,0,0,0,0,0,0.232,0,0.749,0.31,0.025,6.652,76,632,spam
0,0,0,0,0,0,0,0,0,2,0,2,0,0,0,0,0,0,0,0,0,0,0,0,0,0,0,0,0,0,0,0,0,0,0,0,0,0,0,0,0,0,0,0,0,0,0,2,0,0,0,0.336,0,0,1.555,4,42,nonspam
0,0,0,0,0,0,0,0,0,0,0,0,0,0,0,0,0,0,0,0,0,0,0,0,16.66,0,0,0,0,0,0,0,0,0,0,0,0,0,0,0,0,0,0,0,8.33,0,0,0,0,0,0,0,0,0,3.333,14,20,nonspam
0.49,0.32,0.46,0,0.05,0.16,0.05,0.24,0.46,0.79,0.27,1.01,0.6,1.23,0,0.21,0.38,0,3.3,0,1.5,0,1.09,0.35,0,0,0,0,0,0,0,0,0,0,0,0,0,0,0,0,0,0,0,0,0.02,0,0,0,0,0.064,0,0.322,0.626,0.165,6.896,193,3269,spam
0,0,0,0,1.05,2.1,1.05,0,0,0,0,0,0,0,0,0,0,0,3.15,0,1.05,0,2.1,0,0,0,0,0,0,0,0,0,0,0,0,0,0,0,0,0,0,0,0,0,0,0,0,0,0,0,0,0.171,0.171,0,2.05,6,41,spam
0,0,0,0,0,0,0,0,0,0,0,0,0,0,0,0,0,0,0,0,0,0,0,0,0,0,0,0,0,0,0,0,0,0,0,0,0,0,0,0,0,0,0,0,0,0,0,0,0,0,0,0,0,0,1.6,4,8,nonspam
0,0,0,0,0,0,0,0,0,0,1.23,0,0,0,0,2.46,0,0,2.46,0,2.46,0,0,0,0,0,0,0,0,0,0,0,0,0,0,0,0,0,0,0,0,0,0,0,0,0,0,0,0,0,0,0.232,0.465,0,2.687,12,43,spam
0,0,0,0,0,0,0,0,0,0,0,1.33,0,0,0,1.33,0,0,2.66,0,4,0,0,0,0,0,0,0,0,0,0,0,0,0,0,0,0,0,0,0,0,0,0,0,0,0,0,0,0,0,0,1.326,0,0,2.2,11,44,spam
0,0,0.39,0,0.78,0,0,0.06,0.06,0.19,0.13,0.26,0.13,0,0,0,0,0,0.32,0,0.06,0,0,0,0,0,0,0,0,0.06,0,0,0,0,0,0,0,0,0,0,0,0,0.06,0,0,0,0,0,0,0.032,0,0,0.032,0,1.206,15,240,spam
0,0,0.35,0,0.35,0,0,0,0.35,0,0,0,0,0,0,0,0,0,1.4,0,3.5,1.05,0,0,0,0,0,0,0,0,0,0,0,0,0,0,0.35,0,0,0,0,0,0,0,0,0.35,0,0,0,0.65,0,0,0,0.05,2.483,17,226,nonspam
0.12,0,0.12,0,0,0,0,0,0,0,0.12,0.38,0,0,0,0,0.12,0,1.78,0,0.51,0,0,0,0,0,0,0,0,0,0,0,0,0,0,0,0.12,0,0,0,0,0.25,0,0,0.12,0.63,0,0,0.018,0.074,0,0.055,0,0.018,3.08,63,419,nonspam
0.51,0,0.77,0,0.25,0.25,0,0,0,0.51,0,1.55,0,0,0,0.77,1.55,0,4.9,0,2.58,0,0.77,0.25,0,0,0,0,0,0,0,0,0,0,0,0,0,0,0.25,0,0,0,0,0,0,0,0,0,0,0.179,0,0.359,0.403,0.134,5.774,56,358,spam
0,0,0.55,0,0.55,0,0,0,0,0,0,0,0,0,0,0.55,0,0,3.31,0,1.1,0,0,0,0,0,0,0,0,0,0,0,0,0,0,0,0,0,0,0,0,0,0,0,0.55,0,0,0,0,0.104,0,0.524,0,0,1.229,7,75,spam
0.22,0.88,0.44,0,0.22,0,0,0,1.32,1.54,0,0.88,0.66,0,1.1,0.66,0,1.54,2.87,0,1.54,0,0,0.22,0,0,0,0,0,0,0,0,0,0,0,0,0,0,0,0.44,0,0,0,0,0,0,0,0,0,0.085,0,0.659,0.114,0.028,9.1,65,728,spam
0,0.89,1.14,0,0.12,0,0,0.12,0.25,0.12,0.12,0.38,0.12,0,1.14,0,0.12,2.04,2.8,0.12,1.27,0,0,0.12,0,0,0,0,0,0,0,0,0,0,0,0.12,0,0,0,0,0,0,0,0,0,0,0,0,0,0.185,0,0.371,0.061,0,2.878,84,475,spam
0,0,0,0,0,0,0,0,0,0,0,1.15,0,0,0,0,0,0,2.89,0,0.57,0,0,0,0,0,0,0,0,0.57,0,0,0,0,0,0,0,0,0,0,0,0,0,0.57,0,0,0,0,0,0,0,0,0,0,1.379,5,40,nonspam
0,0,1.49,0,0,0,0,0,0,0,0,1.49,0,0,0,0,0,0,1.49,0,0,0,0,0,0,0,0,0,0,0,0,0,0,0,0,0,0,0,0,0,0,1.49,0,0,0,0,0,0,0,0.238,0,0.238,0,0,2,8,50,nonspam
0,0,0,0,0,0,0,0,0,0,0,0,0,0,0,0,0,0,0,0,0,0,0,0,0,0,0,0,0,0,0,0,0,0,0,0,0,0,0,0,0,0,0,0,0,0,0,0,0,0,0,0,0,0,2.25,6,9,nonspam
0,0,0,0,0.75,0,0,0,0,0,0,0,0,0,0,0,0,0,1.5,0,0,0,0,0,3.75,3,2.25,0.75,0.75,0.75,0.75,0.75,0,0.75,0.75,0.75,0.75,0,0.75,0.75,0,0.75,0.75,0,0.75,0,0,0,0,0.222,0,0,0,0,1.833,12,77,nonspam
0,0.84,0.84,0,0,0,0.84,0,0,1.68,0.84,0,0,0,0,0.84,0,0,3.36,0,0.84,0,0.84,0,0,0,0,0,0,0,0,0,0,0,0,0,0,0,0,0,0,0,0,0,0,0,0,0,0,0,0,0.519,0,0,5,43,125,spam
0,0,0,0,0,0,0,0,0,2.5,0,0,0,0,0,0,0,0,2.5,0,2.5,0,0,0,0,0,0,0,0,0,0,0,0,0,0,0,0,0,0,0,0,0,0,0,0,0,0,0,0,0,0,0,0,0,1.416,3,17,nonspam
0,0.78,1.56,0,0,0,0,0,0,0,0,0.78,0,0,0,0,0,1.56,5.46,0,3.9,0,0,0,0,0,0,0,0,0,0,0,0,0,0,0,0,0,0,0,0,0,0,0,0,0,0,0,0,0.137,0,0.275,0,0,1.625,9,39,nonspam
0,0,0,0,0.51,0,0,0,0,0,0,0,0.51,0,0,0,0,0,1.55,0,0,0,0,0,0,0,0.51,0,0,0,0,0,1.03,0,0,0,0,0,0,0,0,0,0,0,0,0,0,0,0,0,0,0.281,0,0,1.363,5,45,nonspam
0,0,0.99,0,0.24,0,0,0,0.24,0.49,0,0.49,0,0,0.24,0.24,0,0,0.24,0,0.49,0,0,0,0,0,0,0,0,0,0,0,0,0,0,0,0,0,0,0,0,0,0,0,0,0,0,0,0,0.035,0,0,0,0,5.555,209,400,spam
0,0.07,0.14,0,0.14,0.07,0,0,0,0,0,1.34,0.07,0.14,0,0,0.63,0,0.14,0,0,0,0.07,0,3.03,0,0,0,0,0,0,0,0,0,0,0.07,0.21,0,0,0,0,0,0,0,0,0,0,0,0.084,0.177,0,0,0,0,2.25,26,855,nonspam
0,0,0.76,0,0.76,0,0.5,0.5,0,1.01,0,0.25,1.52,0,0.76,0,0,1.52,2.03,0,1.52,0,0.76,0,0,0,0,0,0,0,0,0,0,0,0,0,0,0,0,0.5,0,0,0,0,0,0,0,0,0,0.074,0,0.412,0.412,0,2.441,19,249,spam
0,0,0,0,0,0,0,0,0,0,0,0,0,0,0,0,0,0,1.08,0,0,0,0,0,7.6,2.17,2.17,1.08,1.08,1.08,1.08,1.08,0,1.08,1.08,1.08,1.08,0,0,1.08,0,0,1.08,0,0,0,0,0,0,0.364,0.182,0,0,0,2.421,13,92,nonspam
0,0,0,0,0,0,0,0,0,0,0,0,0,0,0,0,0,0,0,0,0,0,0,0,0,0,0,0,0,0,0,0,0,0,0,0,0,0,0,0,0,0,0,0,0,0,0,0,0,0,0,0,0,0,3.888,8,35,nonspam
0,0,0,0,0,0,0,0,0,0,0,0,0,0,0,0,0,0,3.92,0,0,0,0,0,0,0,5.88,0,0,0,0,0,0,0,0,0,1.96,0,1.96,0,0,0,0,0,1.96,0,0,0,0,0,0,0,0,0,1.785,6,25,nonspam
0,0,0,0,0.49,0,0.98,0,0.49,0,0,0,0,0,0,0,0,0,1.47,0,2.46,0,0.49,0,0,0,0,0,0,0,0,0,0,0,0,0,0,0,0,0,0,0,0.49,0,0,0,0,0,0,0.466,0,0,0,0,2.373,12,197,spam
0,0,0,0,0,0,0,0,0,0,0,0,0,0,0,0,0,0,2.04,0,0,0,0,0,0,0,0,0,0,0,0,0,0,0,0,0,0,0,0,0,0,0,0,0,0,0,0,0,0.373,0.373,0,0.373,0,0,1.714,4,12,nonspam
0.17,0,0.08,0,0.42,0.08,0.08,0.42,0.08,0.08,0,0.6,0.17,0.17,0,0,0.17,0.08,1.2,0,3.17,0,0.34,0.08,0,0,0,0,0,0,0,0,0,0,0,0,0,0,0,0,0,0,0,0,0,0,0,0,0,0.084,0.028,0.098,0.014,0,4.049,48,575,spam
0,0,0,0,0,0,0,0,0,0,0,0,0,0,0,0,0,0,5.55,0,0,0,0,0,0,0,0,0,0,0,0,0,0,0,0,0,0,0,0,0,0,0,0,0,0,0,0,0,0,0,0,0,0,0,1,1,2,nonspam
0,0,0.4,0,0,0,0,0,0,0,0,0.4,0,0,0,0,0,0,0,0,0.4,0,0,0,13.93,0.81,0,0,0,0,0,0,0,0,0,0,0.4,0,0,0,0,0,0,0,0,0,0,0,2.053,1.932,0.06,0,0,0,6.113,20,593,nonspam
0,0,0,0,0.19,0,0,0,0,0,0.19,0.76,0.19,0,0,0.19,0,0.19,0.38,0.19,0,0,0,0,0.38,0,0,0.38,0,0,0,0,0,0,0,0.19,0.38,0,0.19,0,0,0.38,0,0,0,0,0,0,0.066,0.111,0,0.022,0.044,0,1.759,21,403,nonspam
0,0,1.85,0,0,0,0,0,0,1.85,0,1.85,1.85,0,0,0,0,0,5.55,0,0,0,0,0,0,0,0,0,0,0,0,0,0,0,0,0,0,0,0,0,0,0,0,0,0,0,0,0,0,0,0,0.692,0,0,1.727,5,19,nonspam
0,0,0,0,0,0,0,0,0,0.33,0,0,0.33,0,0,0,0,0,2,0,0.33,0,0,0.33,0,0,0,0,0,0,0,0,0,0,0,0,0.33,0,0,0,0,0,0,0,0,4.33,0,0,0,0.112,0,0.224,0.224,0,1.542,15,108,nonspam
0.17,0.35,0,0,0,0,0,0,0,0.35,0,0.17,0,0,0,0,0,0,1.94,0,0.7,0,0,0.17,0.17,0.17,0.88,0,0,0.17,0,0.17,0,0.17,0,0,0.35,0,0,0,0,0,0,0,0.53,0.17,0,0,0,0.031,0,0.031,0,0,1.564,21,194,nonspam
0,0,0,0,0,0,0,0,0,0,0,0,0,0,0,0,0,3.57,0,0,0,0,0,0,7.14,3.57,0,3.57,0,3.57,3.57,0,0,0,3.57,3.57,0,0,0,0,0,0,0,0,0,0,0,0,0,0.239,0,0.239,0,0,1.687,10,27,nonspam
0,0.26,0.78,0,0.26,0.43,0.08,1.12,0.43,1.47,0.26,0.69,0.17,0.08,0.69,0.86,0.6,0,1.82,0.6,1.39,0,0.08,0.26,0,0,0,0,0,0,0,0,0.08,0,0,0,0,0,0,0,0,0,0,0,0.26,0.08,0,0,0.097,0.222,0,0.444,0.25,0.111,3.138,54,929,spam
0.42,0,0,0,0.85,0.85,0,0,0,0.42,0,2.13,0,0,0,0,1.7,0,0.85,0,0.85,0,0,0.42,0,0,0,0,0,0,0,0,0,0,0,0.42,0,0,0,0,0,0,0,0,0,0,0,0,0,0,0,1.088,0,0,5.714,107,200,spam
0.06,0,0,0,0,0.12,0,0,0,0.12,0,0.19,0,0,0.06,0.19,0.12,0,1.74,0.06,1.23,0,0.25,0.06,2.26,0.38,0.06,0.19,0,0.19,0.32,0,0,0,0.25,0,0.32,0,0.19,0,0,0,0,0,0.06,0,0,0.12,0,0.33,0.018,0.064,0.055,0,2.024,25,897,nonspam
0,0.5,0,0,0,0,0,0,0,0,0,2,0,0,0,0,0.5,0,0,0,0,0,0,0,1.5,1,0,0,0.5,0,0,0,0,0,0,0,0,0,0,0,0,0.5,0,0,0,0,0,0,0,0,0,0,0,0,1.468,5,69,nonspam
0.47,0.31,0.47,0,0.07,0.13,0.05,0.26,0.44,0.76,0.26,0.97,0.57,1.26,0,0.26,0.44,0,3.22,0,1.47,0,1.1,0.34,0,0,0,0,0,0,0,0,0,0,0,0,0,0,0,0,0,0,0,0,0.02,0,0,0,0,0.068,0,0.331,0.79,0.159,6.073,193,3043,spam
0.05,0.07,0.1,0,0.76,0.05,0.15,0.02,0.55,0,0.1,0.47,0.02,0,0,0,0.02,0.13,2.09,0.1,1.57,0,0.05,0,0,0,0,0,0,0,0,0,0,0,0,0.02,0.1,0,0,0,0,0,0,0,0,0,0,0,0.042,0.101,0.016,0.25,0.046,0.059,2.569,66,2259,spam
0,0,0.56,0,1.12,0,0,0,0,0,0,0,0.93,0,0.18,0,0.37,0.37,3.18,0,0.93,0,0,0,0,0,0,0,0,0,0,0,0,0,0,0,0,0,0,0,0,0,0,0,0,0,0,0,0,0.189,0,0.441,0,0,1.372,4,70,spam
0.21,0,0.21,0,0,0,0,0,0,0,0,0,0,0,0,0,0,0,0.42,0,2.11,0,0,0,2.32,0,0,0,0,0,0,0,0,0,0,0,0,0,0,0,0,0,0,0,0,0,0,0,0,0.084,0,0.028,0.084,0.084,4.11,62,411,nonspam
0,0,0,0,0,0,0,0,0,0,0,0,0,0,0,0,0,0,3.7,0,1.85,0,0,0,0,0,0,0,0,0,0,0,0,0,0,0,0,0,0,0,0,0,0,0,0.92,0.92,0,0,0,0,0,0,0.857,0,2.918,47,108,nonspam
0.1,0,0.43,0,0.1,0.1,0.1,0.53,0.1,0,0,0.64,0,0.32,0,0,0.1,0,0,0,0,0,0.75,0,0,0,0,0,0,0,0,0,0,0,0,0,0,0,0,0,0,0,0,0,0,0,0,0,0,0.049,0,0.016,0.065,0,1.901,29,329,spam
0.2,0.06,0.2,0,0.4,0,0,0,0,0,0,0.95,0.27,0,0,0.06,0.06,0,0,0,0,0,0,0,3.47,0,0,0,0,0,0,0,0.06,0,0,0.34,0.06,0,0,0,0,0,0.13,0.06,0.06,0,0,0.13,0.027,0.09,0,0,0.018,0,2.423,26,693,nonspam
0.34,0,1.7,0,1.02,0,0,0,0.68,1.02,0,0,0,0,0,0,0,0,0.34,1.02,0.68,0,0,0,0.34,0,0,0,0,0,0,0,0,0,0,0,0,0,0,0,0,0,0,0,0,0,0,0,0,0,0,0.899,0.105,0,667,1333,1334,spam
0,0,0,0,0,0,0,0,0,0,0,0.68,0,0,0,0,0,0,0.68,0,0,0,0,0,0,0,0.68,0,0,0,0,0,0,0,0,0,0,0,0,0,0,0,0,0,0.68,0,0,0,0,0.237,0,0,0,0,1.8,9,36,nonspam
0,0,0,0,3.27,0,0,0,0,0,0,0,0,0,0,0,0,0,1.63,0,0,0,0,0,0,0,1.63,0,0,0,0,0,0,0,0,0,0,0,0,0,0,4.91,0,0,0,0,0,0,0,0,0,0,0,0,1.545,5,17,nonspam
